Bigram,Bigram_sum,p_ab,p_a_x_p_b,PMI
'd_like,1.0,0.0002872737719046251,7.839990902309505e-06,5.1954
'm_learn,1.0,0.0002872737719046251,8.252622002431058e-07,8.4434
're_[,1.0,0.0002872737719046251,5.776835401701741e-06,5.636
're_a,2.0,0.0005745475438092502,0.00035527537720465705,0.6935
're_be,1.0,0.0002872737719046251,0.0002917301877859379,-0.0222
're_check,2.0,0.0005745475438092502,1.4442088504254352e-05,5.3141
're_do,2.0,0.0005745475438092502,0.0002628460107774292,1.1282
're_feel,1.0,0.0002872737719046251,1.4442088504254352e-05,4.3141
're_friend,1.0,0.0002872737719046251,5.776835401701741e-06,5.636
're_have,1.0,0.0002872737719046251,4.9103100914464794e-05,2.5485
're_hold,1.0,0.0002872737719046251,8.665253102552611e-06,5.051
're_in,7.0,0.002010916403332376,7.79872779229735e-05,4.6885
're_invent,1.0,0.0002872737719046251,0.00012131354343573655,1.2437
're_learn,1.0,0.0002872737719046251,2.8884177008508704e-05,3.3141
're_look,1.0,0.0002872737719046251,1.1553670803403482e-05,4.636
're_make,1.0,0.0002872737719046251,0.00015886297354679785,0.8546
're_measure,4.0,0.0011490950876185005,7.509886022212262e-05,3.9356
're_okay,1.0,0.0002872737719046251,2.8884177008508704e-06,6.636
're_on,1.0,0.0002872737719046251,3.177259470935957e-05,3.1766
're_save,1.0,0.0002872737719046251,0.0002252965806663679,0.3506
're_squeeze,1.0,0.0002872737719046251,5.776835401701741e-06,5.636
're_teach,1.0,0.0002872737719046251,1.1553670803403482e-05,4.636
're_try,2.0,0.0005745475438092502,2.8884177008508704e-05,4.3141
're_use,1.0,0.0002872737719046251,6.0656771717868276e-05,2.2437
's_a,4.0,0.0011490950876185005,0.0003248232020156864,1.8228
's_about,1.0,0.0002872737719046251,2.3767551367001448e-05,3.5954
's_an,1.0,0.0002872737719046251,1.584503424466763e-05,4.1803
's_desk,1.0,0.0002872737719046251,2.6408390407779387e-06,6.7653
's_different,1.0,0.0002872737719046251,7.922517122333815e-06,5.1803
's_do,2.0,0.0005745475438092502,0.0002403163527107924,1.2575
's_hard,6.0,0.0017236426314277506,5.017594177478083e-05,5.1023
's_impossible,1.0,0.0002872737719046251,2.6408390407779387e-06,6.7653
's_kind,1.0,0.0002872737719046251,5.281678081555877e-06,5.7653
's_life,6.0,0.0017236426314277506,2.6408390407779386e-05,6.0283
's_not,1.0,0.0002872737719046251,4.489426369322495e-05,2.6778
's_really,3.0,0.0008618213157138753,1.584503424466763e-05,5.7653
's_shake,1.0,0.0002872737719046251,5.281678081555877e-06,5.7653
's_so,1.0,0.0002872737719046251,7.922517122333815e-06,5.1803
's_too,1.0,0.0002872737719046251,1.848587328544557e-05,3.9579
's_your,1.0,0.0002872737719046251,2.6408390407779386e-05,3.4434
(_invent,1.0,0.0002872737719046251,3.466101241021044e-06,6.373
",_it",2.0,0.0005745475438092502,3.763195633108562e-05,3.9324
",_long",1.0,0.0002872737719046251,6.4370451618962246e-06,5.4799
",_monster",1.0,0.0002872737719046251,4.951573201458634e-07,9.1803
",_optimism",1.0,0.0002872737719046251,4.951573201458634e-07,9.1803
",_word",1.0,0.0002872737719046251,9.903146402917269e-07,8.1803
10_block,1.0,0.0002872737719046251,1.6505244004862117e-07,10.7653
10_inch,1.0,0.0002872737719046251,3.3010488009724234e-07,9.7653
50_second,1.0,0.0002872737719046251,8.252622002431058e-08,11.7653
6_inch,1.0,0.0002872737719046251,1.6505244004862117e-07,10.7653
[_b,1.0,0.0002872737719046251,1.6505244004862117e-07,10.7653
[_explode,1.0,0.0002872737719046251,2.6408390407779387e-06,6.7653
]_lowin,1.0,0.0002872737719046251,1.6505244004862117e-07,10.7653
a_a,1.0,0.0002872737719046251,0.0012485391827477947,-2.1197
a_bad,3.0,0.0008618213157138753,5.0753625314951004e-05,4.0858
a_bear,1.0,0.0002872737719046251,2.03014501259804e-05,3.8228
a_bigger,1.0,0.0002872737719046251,1.01507250629902e-05,4.8228
a_book,2.0,0.0005745475438092502,3.0452175188970602e-05,4.2378
a_bos,2.0,0.0005745475438092502,2.03014501259804e-05,4.8228
a_boy,2.0,0.0005745475438092502,2.03014501259804e-05,4.8228
a_bunch,1.0,0.0002872737719046251,1.01507250629902e-05,4.8228
a_can,1.0,0.0002872737719046251,0.00029437102682671585,-0.0352
a_cave,1.0,0.0002872737719046251,1.01507250629902e-05,4.8228
a_certain,1.0,0.0002872737719046251,1.01507250629902e-05,4.8228
a_computer,2.0,0.0005745475438092502,2.03014501259804e-05,4.8228
a_friend,1.0,0.0002872737719046251,2.03014501259804e-05,3.8228
a_good,1.0,0.0002872737719046251,6.0904350377941204e-05,2.2378
a_hero,1.0,0.0002872737719046251,2.03014501259804e-05,3.8228
a_huge,1.0,0.0002872737719046251,1.01507250629902e-05,4.8228
a_hurry,2.0,0.0005745475438092502,3.0452175188970602e-05,4.2378
a_job,1.0,0.0002872737719046251,3.0452175188970602e-05,3.2378
a_judge,1.0,0.0002872737719046251,1.01507250629902e-05,4.8228
a_lab,2.0,0.0005745475438092502,2.03014501259804e-05,4.8228
a_lawyer,1.0,0.0002872737719046251,7.105507544093142e-05,2.0154
a_life,1.0,0.0002872737719046251,0.00010150725062990201,1.5008
a_liquid,1.0,0.0002872737719046251,2.03014501259804e-05,3.8228
a_location,1.0,0.0002872737719046251,1.01507250629902e-05,4.8228
a_lot,7.0,0.002010916403332376,7.105507544093142e-05,4.8228
a_man,1.0,0.0002872737719046251,2.03014501259804e-05,3.8228
a_manager,2.0,0.0005745475438092502,4.06029002519608e-05,3.8228
a_measure,1.0,0.0002872737719046251,0.0002639188516377452,0.1223
a_paper,1.0,0.0002872737719046251,1.01507250629902e-05,4.8228
a_person,37.0,0.010629129560471129,0.00044663190277156883,4.5728
a_picture,1.0,0.0002872737719046251,1.01507250629902e-05,4.8228
a_pipe,1.0,0.0002872737719046251,1.01507250629902e-05,4.8228
a_place,2.0,0.0005745475438092502,9.13565255669118e-05,2.6528
a_principal,1.0,0.0002872737719046251,1.01507250629902e-05,4.8228
a_read,1.0,0.0002872737719046251,3.0452175188970602e-05,3.2378
a_really,1.0,0.0002872737719046251,6.0904350377941204e-05,2.2378
a_resource,2.0,0.0005745475438092502,5.0753625314951004e-05,3.5008
a_rock,1.0,0.0002872737719046251,2.03014501259804e-05,3.8228
a_ruler,10.0,0.002872737719046251,0.00012180870075588241,4.5597
a_school,2.0,0.0005745475438092502,8.12058005039216e-05,2.8228
a_scientist,1.0,0.0002872737719046251,3.0452175188970602e-05,3.2378
a_shelter,1.0,0.0002872737719046251,1.01507250629902e-05,4.8228
a_soda,1.0,0.0002872737719046251,1.01507250629902e-05,4.8228
a_sport,1.0,0.0002872737719046251,1.01507250629902e-05,4.8228
a_strategy,1.0,0.0002872737719046251,2.03014501259804e-05,3.8228
a_superhero,2.0,0.0005745475438092502,3.0452175188970602e-05,4.2378
a_thing,1.0,0.0002872737719046251,0.00040602900251960803,-0.4992
a_ticket,1.0,0.0002872737719046251,1.01507250629902e-05,4.8228
a_trial,1.0,0.0002872737719046251,1.01507250629902e-05,4.8228
a_type,2.0,0.0005745475438092502,2.03014501259804e-05,4.8228
a_volcano,5.0,0.0014363688595231256,8.12058005039216e-05,4.1447
a_wild,1.0,0.0002872737719046251,1.01507250629902e-05,4.8228
a_woman,1.0,0.0002872737719046251,1.01507250629902e-05,4.8228
a_word,1.0,0.0002872737719046251,2.03014501259804e-05,3.8228
about_a,2.0,0.0005745475438092502,9.13565255669118e-05,2.6528
about_science,1.0,0.0002872737719046251,1.1883775683500724e-05,4.5954
about_self,1.0,0.0002872737719046251,7.427359802187952e-07,8.5954
about_someone,1.0,0.0002872737719046251,7.947274988341109e-05,1.8539
about_something,1.0,0.0002872737719046251,0.00011883775683500724,1.2734
about_to,3.0,0.0008618213157138753,7.055991812078555e-05,3.6105
achieve_something,1.0,0.0002872737719046251,1.3204195203889693e-05,4.4434
ad_and,1.0,0.0002872737719046251,5.859361621726052e-06,5.6155
adapt_to,1.0,0.0002872737719046251,7.839990902309505e-06,5.1954
after_you,1.0,0.0002872737719046251,2.013639768593178e-05,3.8345
against_somebody,1.0,0.0002872737719046251,3.7136799010939757e-06,6.2734
air_in,1.0,0.0002872737719046251,6.684623821969157e-06,5.4254
air_inside,1.0,0.0002872737719046251,4.951573201458634e-07,9.1803
air_pressure,1.0,0.0002872737719046251,2.2282079406563854e-06,7.0104
all_about,1.0,0.0002872737719046251,2.2282079406563854e-06,7.0104
all_that,1.0,0.0002872737719046251,4.357384417283598e-05,2.7209
all_you,1.0,0.0002872737719046251,6.040919305779533e-05,2.2496
an_education,1.0,0.0002872737719046251,4.951573201458634e-07,9.1803
an_expert,1.0,0.0002872737719046251,4.951573201458634e-07,9.1803
an_explosion,1.0,0.0002872737719046251,4.951573201458634e-07,9.1803
an_eye,1.0,0.0002872737719046251,4.951573201458634e-07,9.1803
an_influence,1.0,0.0002872737719046251,1.4854719604375903e-06,7.5954
an_object,1.0,0.0002872737719046251,4.951573201458634e-07,9.1803
analyze_something,1.0,0.0002872737719046251,1.3204195203889693e-05,4.4434
and_a,1.0,0.0002872737719046251,0.0007207014794723043,-1.327
and_all,1.0,0.0002872737719046251,1.7578084865178155e-05,4.0306
and_be,3.0,0.0008618213157138753,0.0005917955237943311,0.5423
and_ca,1.0,0.0002872737719046251,0.0002871087194645765,0.0008
and_crime,1.0,0.0002872737719046251,1.7578084865178155e-05,4.0306
and_explode,1.0,0.0002872737719046251,9.374978594761683e-05,1.6155
and_fight,2.0,0.0005745475438092502,1.1718723243452104e-05,5.6155
and_figure,1.0,0.0002872737719046251,1.7578084865178155e-05,4.0306
and_get,1.0,0.0002872737719046251,0.00012304659405624707,1.2232
and_have,1.0,0.0002872737719046251,9.960914756934287e-05,1.5281
and_help,1.0,0.0002872737719046251,9.374978594761683e-05,1.6155
and_hillary,1.0,0.0002872737719046251,5.859361621726052e-06,5.6155
and_how,1.0,0.0002872737719046251,0.00023437446486904205,0.2936
and_i,1.0,0.0002872737719046251,8.203106270416472e-05,1.8082
and_impact,1.0,0.0002872737719046251,5.859361621726052e-06,5.6155
and_invent,1.0,0.0002872737719046251,0.00024609318811249413,0.2232
and_invention,1.0,0.0002872737719046251,5.859361621726052e-06,5.6155
and_it,3.0,0.0008618213157138753,0.00044531148325117984,0.9526
and_lava,1.0,0.0002872737719046251,1.1718723243452104e-05,4.6155
and_like,1.0,0.0002872737719046251,0.0005566393540639749,-0.9543
and_machine,1.0,0.0002872737719046251,5.859361621726052e-06,5.6155
and_make,3.0,0.0008618213157138753,0.0003222648891949328,1.4191
and_measure,1.0,0.0002872737719046251,0.00015234340216487732,0.9151
and_medicinas,1.0,0.0002872737719046251,5.859361621726052e-06,5.6155
and_more,1.0,0.0002872737719046251,1.1718723243452104e-05,4.6155
and_natural,1.0,0.0002872737719046251,5.859361621726052e-06,5.6155
and_need,1.0,0.0002872737719046251,4.6874892973808415e-05,2.6155
and_over,2.0,0.0005745475438092502,2.9296808108630257e-05,4.2936
and_potion,1.0,0.0002872737719046251,7.031233946071262e-05,2.0306
and_rock,1.0,0.0002872737719046251,1.1718723243452104e-05,4.6155
and_save,1.0,0.0002872737719046251,0.00045703020649463203,-0.6699
and_say,1.0,0.0002872737719046251,2.3437446486904207e-05,3.6155
and_sit,1.0,0.0002872737719046251,5.859361621726052e-06,5.6155
and_somebody,1.0,0.0002872737719046251,0.0002636712729776723,0.1237
and_someone,1.0,0.0002872737719046251,0.0006269516935246875,-1.1259
and_space,1.0,0.0002872737719046251,5.859361621726052e-06,5.6155
and_stuff,3.0,0.0008618213157138753,0.00019921829513868574,2.113
and_surperhero,1.0,0.0002872737719046251,5.859361621726052e-06,5.6155
and_test,1.0,0.0002872737719046251,1.1718723243452104e-05,4.6155
and_the,1.0,0.0002872737719046251,0.00031640552757320676,-0.1393
and_then,2.0,0.0005745475438092502,1.1718723243452104e-05,5.6155
and_they,2.0,0.0005745475438092502,0.00017578084865178153,1.7086
and_use,2.0,0.0005745475438092502,0.00012304659405624707,2.2232
and_want,1.0,0.0002872737719046251,2.9296808108630257e-05,3.2936
and_we,1.0,0.0002872737719046251,5.859361621726052e-06,5.6155
and_weight,1.0,0.0002872737719046251,1.1718723243452104e-05,4.6155
and_where,1.0,0.0002872737719046251,1.1718723243452104e-05,4.6155
and_who,1.0,0.0002872737719046251,0.0004218740367642757,-0.5544
and_you,9.0,0.002585463947141626,0.0014296842357011564,0.8547
and_your,1.0,0.0002872737719046251,5.859361621726051e-05,2.2936
animal_go,1.0,0.0002872737719046251,4.621468321361393e-06,5.9579
animal_to,1.0,0.0002872737719046251,1.567998180461901e-05,4.1954
another_place,1.0,0.0002872737719046251,7.427359802187952e-07,8.5954
any_notice,1.0,0.0002872737719046251,8.252622002431058e-08,11.7653
argue_against,1.0,0.0002872737719046251,8.252622002431058e-08,11.7653
arm_and,1.0,0.0002872737719046251,5.859361621726052e-06,5.6155
at_a,1.0,0.0002872737719046251,5.0753625314951004e-05,2.5008
at_lawyer,1.0,0.0002872737719046251,2.8884177008508704e-06,6.636
at_science,1.0,0.0002872737719046251,6.6020976019448466e-06,5.4434
at_something,2.0,0.0005745475438092502,6.602097601944846e-05,3.1214
away_and,1.0,0.0002872737719046251,1.1718723243452104e-05,4.6155
away_by,1.0,0.0002872737719046251,1.6505244004862117e-07,10.7653
b_],1.0,0.0002872737719046251,1.6505244004862117e-07,10.7653
bad_condition,1.0,0.0002872737719046251,4.126311001215529e-07,9.4434
bad_guy,1.0,0.0002872737719046251,4.126311001215529e-07,9.4434
bad_influence,2.0,0.0005745475438092502,1.2378933003646586e-06,8.8584
bad_stuff,1.0,0.0002872737719046251,1.4029457404132798e-05,4.3559
base_10,1.0,0.0002872737719046251,1.6505244004862117e-07,10.7653
be_6,1.0,0.0002872737719046251,8.335148222455369e-06,5.1071
be_a,6.0,0.0017236426314277506,0.0010252232313620103,0.7495
be_about,2.0,0.0005745475438092502,7.501633400209832e-05,2.9371
be_an,2.0,0.0005745475438092502,5.001088933473221e-05,3.5221
be_analyze,1.0,0.0002872737719046251,8.335148222455369e-06,5.1071
be_attack,1.0,0.0002872737719046251,8.335148222455369e-06,5.1071
be_bear,1.0,0.0002872737719046251,1.6670296444910738e-05,4.1071
be_big,2.0,0.0005745475438092502,0.00011669207511437517,2.2997
be_build,1.0,0.0002872737719046251,1.6670296444910738e-05,4.1071
be_close,1.0,0.0002872737719046251,2.5005444667366105e-05,3.5221
be_cold,1.0,0.0002872737719046251,2.5005444667366105e-05,3.5221
be_complicate,1.0,0.0002872737719046251,8.335148222455369e-06,5.1071
be_create,1.0,0.0002872737719046251,8.335148222455369e-05,1.7851
be_direct,1.0,0.0002872737719046251,8.335148222455369e-06,5.1071
be_do,3.0,0.0008618213157138753,0.0007584984882434384,0.1842
be_erupt,1.0,0.0002872737719046251,8.335148222455369e-06,5.1071
be_free,1.0,0.0002872737719046251,8.335148222455369e-06,5.1071
be_get,1.0,0.0002872737719046251,0.00017503811267156273,0.7148
be_go,3.0,0.0008618213157138753,0.00023338415022875034,1.8847
be_gon,1.0,0.0002872737719046251,8.335148222455369e-06,5.1071
be_good,2.0,0.0005745475438092502,5.001088933473221e-05,3.5221
be_hard,2.0,0.0005745475438092502,0.000158367816226652,1.8591
be_heavy,1.0,0.0002872737719046251,2.5005444667366105e-05,3.5221
be_hurt,1.0,0.0002872737719046251,1.6670296444910738e-05,4.1071
be_in,1.0,0.0002872737719046251,0.00022504900200629496,0.3522
be_it,2.0,0.0005745475438092502,0.000633471264906608,-0.1409
be_like,2.0,0.0005745475438092502,0.00079183908113326,-0.4628
be_make,2.0,0.0005745475438092502,0.0004584331522350452,0.3257
be_migrate,1.0,0.0002872737719046251,1.6670296444910738e-05,4.1071
be_miss,1.0,0.0002872737719046251,8.335148222455369e-06,5.1071
be_nice,1.0,0.0002872737719046251,8.335148222455369e-06,5.1071
be_not,3.0,0.0008618213157138753,0.00014169751978174126,2.6046
be_open-minded,1.0,0.0002872737719046251,8.335148222455369e-06,5.1071
be_possible,1.0,0.0002872737719046251,5.001088933473221e-05,2.5221
be_press,1.0,0.0002872737719046251,1.6670296444910738e-05,4.1071
be_push,1.0,0.0002872737719046251,5.8346037557187585e-05,2.2997
be_sad,1.0,0.0002872737719046251,8.335148222455369e-06,5.1071
be_save,1.0,0.0002872737719046251,0.0006501415613515188,-1.1783
be_shake,1.0,0.0002872737719046251,1.6670296444910738e-05,4.1071
be_small,1.0,0.0002872737719046251,5.001088933473221e-05,2.5221
be_smash,1.0,0.0002872737719046251,8.335148222455369e-06,5.1071
be_somebody,1.0,0.0002872737719046251,0.00037508167001049157,-0.3848
be_something,3.0,0.0008618213157138753,0.001333623715592859,-0.6299
be_super,1.0,0.0002872737719046251,8.335148222455369e-06,5.1071
be_the,1.0,0.0002872737719046251,0.0004500980040125899,-0.6478
be_this,1.0,0.0002872737719046251,2.5005444667366105e-05,3.5221
be_too,1.0,0.0002872737719046251,5.8346037557187585e-05,2.2997
be_try,1.0,0.0002872737719046251,8.335148222455369e-05,1.7851
be_very,1.0,0.0002872737719046251,2.5005444667366105e-05,3.5221
be_vomit,1.0,0.0002872737719046251,8.335148222455369e-06,5.1071
be_wash,1.0,0.0002872737719046251,8.335148222455369e-06,5.1071
bear_go,1.0,0.0002872737719046251,4.621468321361393e-06,5.9579
bear_like,1.0,0.0002872737719046251,1.567998180461901e-05,4.1954
beat_in,1.0,0.0002872737719046251,2.228207940656386e-06,7.0104
because_it,1.0,0.0002872737719046251,1.2543985443695207e-05,4.5174
because_the,1.0,0.0002872737719046251,8.912831762625543e-06,5.0104
big_and,1.0,0.0002872737719046251,8.203106270416472e-05,1.8082
big_chair,1.0,0.0002872737719046251,3.4661012410210444e-06,6.373
big_it,1.0,0.0002872737719046251,8.780789810586646e-05,1.71
big_or,2.0,0.0005745475438092502,3.4661012410210445e-05,4.051
big_something,3.0,0.0008618213157138753,0.0001848587328544557,2.221
big_to,1.0,0.0002872737719046251,0.00010975987263233307,1.3881
big_too,1.0,0.0002872737719046251,8.087569562382437e-06,5.1506
big_you,1.0,0.0002872737719046251,0.0002819095676030449,0.0272
bigger_brother,1.0,0.0002872737719046251,8.252622002431058e-08,11.7653
bird_go,1.0,0.0002872737719046251,2.3107341606806964e-06,6.9579
blood_pressure,1.0,0.0002872737719046251,7.427359802187952e-07,8.5954
blow_out,1.0,0.0002872737719046251,5.941887841750361e-06,5.5954
blow_up,4.0,0.0011490950876185005,2.9709439208751806e-06,8.5954
book_after,1.0,0.0002872737719046251,2.475786600729317e-07,10.1803
book_someone,1.0,0.0002872737719046251,2.6490916627803695e-05,3.4389
book_weigh,1.0,0.0002872737719046251,7.427359802187951e-07,8.5954
bos_to,1.0,0.0002872737719046251,1.567998180461901e-05,4.1954
boy_or,2.0,0.0005745475438092502,4.951573201458634e-06,6.8584
brother_sister,1.0,0.0002872737719046251,8.252622002431058e-08,11.7653
build_something,1.0,0.0002872737719046251,2.6408390407779386e-05,3.4434
build_up,1.0,0.0002872737719046251,9.903146402917269e-07,8.1803
bunch_of,1.0,0.0002872737719046251,1.4854719604375905e-06,7.5954
butterfly_go,1.0,0.0002872737719046251,2.3107341606806964e-06,6.9579
by_water,1.0,0.0002872737719046251,2.475786600729317e-07,10.1803
ca_n't,49.0,0.01407641482332663,0.00021836437818432579,6.0104
can_and,1.0,0.0002872737719046251,0.0001699214870300555,0.7576
can_create,1.0,0.0002872737719046251,2.3932603807050068e-05,3.5854
can_do,2.0,0.0005745475438092502,0.0002177866946441556,1.3995
can_fly,1.0,0.0002872737719046251,2.393260380705007e-06,6.9073
can_go,1.0,0.0002872737719046251,6.70112906597402e-05,2.1
can_help,1.0,0.0002872737719046251,3.829216609128011e-05,2.9073
can_invent,2.0,0.0005745475438092502,0.00010051693598961028,2.515
can_know,1.0,0.0002872737719046251,2.6325864187755074e-05,3.4479
can_make,1.0,0.0002872737719046251,0.00013162932093877536,1.1259
can_manage,1.0,0.0002872737719046251,2.393260380705007e-06,6.9073
can_never,1.0,0.0002872737719046251,4.786520761410014e-06,5.9073
can_not,9.0,0.002585463947141626,4.0685426471985115e-05,5.9898
can_represent,1.0,0.0002872737719046251,9.573041522820028e-06,4.9073
can_say,1.0,0.0002872737719046251,9.573041522820028e-06,4.9073
can_tell,1.0,0.0002872737719046251,7.17978114211502e-06,5.3223
can_use,3.0,0.0008618213157138753,5.025846799480514e-05,4.1
can_weigh,1.0,0.0002872737719046251,7.17978114211502e-06,5.3223
care_of,3.0,0.0008618213157138753,4.456415881312771e-06,7.5954
catch_you,1.0,0.0002872737719046251,2.013639768593178e-05,3.8345
cave_far,1.0,0.0002872737719046251,2.475786600729317e-07,10.1803
certain_habitat,1.0,0.0002872737719046251,8.252622002431058e-08,11.7653
chair_size,1.0,0.0002872737719046251,1.9806292805834537e-06,7.1803
check_how,1.0,0.0002872737719046251,1.6505244004862114e-05,4.1214
check_on,1.0,0.0002872737719046251,4.538942101337082e-06,5.9839
check_size,1.0,0.0002872737719046251,3.3010488009724233e-06,6.4434
check_the,1.0,0.0002872737719046251,2.2282079406563855e-05,3.6885
check_what,1.0,0.0002872737719046251,2.8884177008508704e-06,6.636
chemical_and,1.0,0.0002872737719046251,1.7578084865178155e-05,4.0306
chemical_in,1.0,0.0002872737719046251,6.684623821969157e-06,5.4254
close_or,1.0,0.0002872737719046251,7.4273598021879514e-06,5.2734
cold_and,1.0,0.0002872737719046251,1.7578084865178155e-05,4.0306
cold_mexico,1.0,0.0002872737719046251,9.903146402917269e-07,8.1803
come_out,2.0,0.0005745475438092502,2.9709439208751806e-06,7.5954
come_to,1.0,0.0002872737719046251,2.3519972706928512e-05,3.6105
comic_book,1.0,0.0002872737719046251,2.475786600729317e-07,10.1803
computer_that,1.0,0.0002872737719046251,2.9049229448557325e-05,3.3059
condition_on,1.0,0.0002872737719046251,9.077884202674164e-07,8.3059
cool_experiment,1.0,0.0002872737719046251,1.4029457404132797e-06,7.6778
court_for,1.0,0.0002872737719046251,2.3107341606806964e-06,6.9579
create_different,1.0,0.0002872737719046251,2.475786600729317e-06,6.8584
create_potion,1.0,0.0002872737719046251,9.903146402917269e-06,4.8584
create_something,4.0,0.0011490950876185005,0.00013204195203889691,3.1214
create_stuff,2.0,0.0005745475438092502,2.8058914808265596e-05,4.3559
create_thing,1.0,0.0002872737719046251,3.301048800972423e-05,3.1214
crime_lawyer,1.0,0.0002872737719046251,1.7330506205105222e-06,7.373
day_and,1.0,0.0002872737719046251,7.031233946071262e-05,2.0306
day_to,1.0,0.0002872737719046251,9.407989082771405e-05,1.6105
defend_the,1.0,0.0002872737719046251,8.912831762625543e-06,5.0104
defend_you,1.0,0.0002872737719046251,4.027279537186356e-05,2.8345
desk_and,1.0,0.0002872737719046251,5.859361621726052e-06,5.6155
different_job,1.0,0.0002872737719046251,7.427359802187951e-07,8.5954
different_place,1.0,0.0002872737719046251,2.2282079406563854e-06,7.0104
different_thing,1.0,0.0002872737719046251,9.903146402917269e-06,4.8584
direct_the,1.0,0.0002872737719046251,4.456415881312772e-06,6.0104
discover_new,2.0,0.0005745475438092502,4.621468321361393e-06,6.9579
discover_something,2.0,0.0005745475438092502,0.00010563356163111755,2.4434
discover_stuff,1.0,0.0002872737719046251,2.2447131846612475e-05,3.6778
discover_that,1.0,0.0002872737719046251,0.0001161969177942293,1.3059
discover_thing,1.0,0.0002872737719046251,2.6408390407779386e-05,3.4434
dk.._something,1.0,0.0002872737719046251,1.3204195203889693e-05,4.4434
dk_mean,1.0,0.0002872737719046251,1.1553670803403482e-06,7.9579
do_a,1.0,0.0002872737719046251,0.0009237159807321082,-1.685
do_ad,1.0,0.0002872737719046251,7.5098860222122624e-06,5.2575
do_and,1.0,0.0002872737719046251,0.0005332019075770706,-0.8923
do_crime,1.0,0.0002872737719046251,2.2529658066636784e-05,3.6725
do_experiment,11.0,0.003160011490950876,0.00012766806237760845,4.6295
do_good,1.0,0.0002872737719046251,4.505931613327357e-05,2.6725
do_it,24.0,0.0068945705257110025,0.0005707513376881319,3.5945
do_n't,4.0,0.0011490950876185005,0.00040553384519946214,1.5026
do_new,1.0,0.0002872737719046251,5.256920215548584e-05,2.4501
do_potion,1.0,0.0002872737719046251,9.011863226654714e-05,1.6725
do_science,10.0,0.002872737719046251,0.0001201581763553962,4.5794
do_scientific,1.0,0.0002872737719046251,7.5098860222122624e-06,5.2575
do_something,11.0,0.003160011490950876,0.001201581763553962,1.395
do_sometimes,1.0,0.0002872737719046251,1.5019772044424525e-05,4.2575
do_that,3.0,0.0008618213157138753,0.0013217399399093582,-0.617
do_the,1.0,0.0002872737719046251,0.00040553384519946214,-0.4974
do_thing,1.0,0.0002872737719046251,0.0003003954408884905,-0.0644
doctor_measure,1.0,0.0002872737719046251,4.29136344126415e-06,6.0648
doctor_you,1.0,0.0002872737719046251,4.027279537186356e-05,2.8345
ear_be,1.0,0.0002872737719046251,8.335148222455369e-06,5.1071
earth_and,1.0,0.0002872737719046251,5.859361621726052e-06,5.6155
else_be,1.0,0.0002872737719046251,5.001088933473221e-05,2.5221
else_hard,1.0,0.0002872737719046251,9.407989082771404e-06,4.9324
erupt_like,1.0,0.0002872737719046251,7.839990902309505e-06,5.1954
everyones_know,1.0,0.0002872737719046251,9.077884202674164e-07,8.3059
experiment_and,1.0,0.0002872737719046251,9.960914756934287e-05,1.5281
experiment_i,1.0,0.0002872737719046251,1.9641240365785917e-05,3.8705
experiment_like,1.0,0.0002872737719046251,0.00013327984533926157,1.108
experiment_on,1.0,0.0002872737719046251,1.5432403144546077e-05,4.2184
experiment_something,1.0,0.0002872737719046251,0.00022447131846612477,0.3559
expert_at,1.0,0.0002872737719046251,4.126311001215529e-07,9.4434
explode_],1.0,0.0002872737719046251,2.6408390407779387e-06,6.7653
explode_a,1.0,0.0002872737719046251,0.0001624116010078432,0.8228
explode_and,1.0,0.0002872737719046251,9.374978594761683e-05,1.6155
explode_from,1.0,0.0002872737719046251,6.6020976019448466e-06,5.4434
explode_or,1.0,0.0002872737719046251,3.9612585611669074e-05,2.8584
explode_suddenly,1.0,0.0002872737719046251,1.3204195203889694e-06,7.7653
explode_you,1.0,0.0002872737719046251,0.0003221823629749085,-0.1655
explore_[,1.0,0.0002872737719046251,1.6505244004862117e-07,10.7653
eye_on,1.0,0.0002872737719046251,9.077884202674164e-07,8.3059
fall_someone,1.0,0.0002872737719046251,1.7660611085202463e-05,4.0238
family_lawyer,1.0,0.0002872737719046251,1.1553670803403482e-06,7.9579
family_teach,1.0,0.0002872737719046251,6.602097601944847e-07,8.7653
far_away,1.0,0.0002872737719046251,4.951573201458634e-07,9.1803
feel_and,1.0,0.0002872737719046251,2.9296808108630257e-05,3.2936
feel_how,1.0,0.0002872737719046251,1.6505244004862114e-05,4.1214
feel_something,1.0,0.0002872737719046251,6.602097601944846e-05,2.1214
fight_bad,1.0,0.0002872737719046251,8.252622002431058e-07,8.4434
figure_out,3.0,0.0008618213157138753,2.9709439208751806e-06,8.1803
find_a,1.0,0.0002872737719046251,2.03014501259804e-05,3.8228
find_you,1.0,0.0002872737719046251,4.027279537186356e-05,2.8345
finish_the,1.0,0.0002872737719046251,4.456415881312772e-06,6.0104
fly_and,1.0,0.0002872737719046251,5.859361621726052e-06,5.6155
for_50,1.0,0.0002872737719046251,5.776835401701741e-07,8.9579
for_a,1.0,0.0002872737719046251,7.105507544093142e-05,2.0154
for_people,1.0,0.0002872737719046251,3.0617227629019226e-05,3.23
for_the,1.0,0.0002872737719046251,3.11949111691894e-05,3.203
for_them,1.0,0.0002872737719046251,1.1553670803403482e-06,7.9579
for_winter,1.0,0.0002872737719046251,2.3107341606806964e-06,6.9579
for_you,1.0,0.0002872737719046251,0.00014095478380152246,1.0272
forest_like,1.0,0.0002872737719046251,7.839990902309505e-06,5.1954
fresh_water,1.0,0.0002872737719046251,2.475786600729317e-07,10.1803
friend_and,1.0,0.0002872737719046251,1.1718723243452104e-05,4.6155
friend_with,1.0,0.0002872737719046251,4.951573201458634e-07,9.1803
from_a,1.0,0.0002872737719046251,5.0753625314951004e-05,2.5008
from_crime,1.0,0.0002872737719046251,1.2378933003646586e-06,7.8584
from_go,2.0,0.0005745475438092502,1.1553670803403482e-05,5.636
from_inside,1.0,0.0002872737719046251,8.252622002431058e-07,8.4434
game_be,1.0,0.0002872737719046251,8.335148222455369e-06,5.1071
get_a,4.0,0.0011490950876185005,0.00021316522632279421,2.4305
get_an,1.0,0.0002872737719046251,1.0398303723063131e-05,4.788
get_beat,1.0,0.0002872737719046251,1.733050620510522e-06,7.373
get_cold,1.0,0.0002872737719046251,5.199151861531566e-06,5.788
get_home,1.0,0.0002872737719046251,1.733050620510522e-06,7.373
get_hurt,1.0,0.0002872737719046251,3.466101241021044e-06,6.373
get_in,2.0,0.0005745475438092502,4.6792366753784096e-05,3.6181
get_injure,1.0,0.0002872737719046251,1.733050620510522e-06,7.373
get_lose,1.0,0.0002872737719046251,1.733050620510522e-06,7.373
get_mad,1.0,0.0002872737719046251,1.733050620510522e-06,7.373
get_out,1.0,0.0002872737719046251,2.0796607446126262e-05,3.788
get_people,1.0,0.0002872737719046251,9.185168288705766e-05,1.645
get_pressure,1.0,0.0002872737719046251,1.5597455584594698e-05,4.203
get_send,1.0,0.0002872737719046251,1.733050620510522e-06,7.373
get_ta,2.0,0.0005745475438092502,3.466101241021044e-06,7.373
get_taller,1.0,0.0002872737719046251,1.733050620510522e-06,7.373
girl_who,2.0,0.0005745475438092502,1.1883775683500724e-05,5.5954
give_someone,1.0,0.0002872737719046251,1.7660611085202463e-05,4.0238
give_you,1.0,0.0002872737719046251,4.027279537186356e-05,2.8345
go_and,1.0,0.0002872737719046251,0.00016406212540832945,0.8082
go_boom,1.0,0.0002872737719046251,2.3107341606806964e-06,6.9579
go_find,1.0,0.0002872737719046251,4.621468321361393e-06,5.9579
go_hard,1.0,0.0002872737719046251,4.390394905293323e-05,2.71
go_outside,1.0,0.0002872737719046251,2.3107341606806964e-06,6.9579
go_somewhere,3.0,0.0008618213157138753,9.242936642722786e-06,6.5429
go_south,1.0,0.0002872737719046251,2.3107341606806964e-06,6.9579
go_there,1.0,0.0002872737719046251,9.242936642722786e-06,4.9579
go_to,18.0,0.005170927894283252,0.00021951974526466614,4.558
gon_na,1.0,0.0002872737719046251,8.252622002431058e-08,11.7653
good_creation,1.0,0.0002872737719046251,4.951573201458634e-07,9.1803
good_manner,1.0,0.0002872737719046251,4.951573201458634e-07,9.1803
good_on,1.0,0.0002872737719046251,5.446730521604498e-06,5.7209
good_school,1.0,0.0002872737719046251,3.9612585611669074e-06,6.1803
grind_be,1.0,0.0002872737719046251,8.335148222455369e-06,5.1071
hard_for,1.0,0.0002872737719046251,1.0975987263233307e-05,4.71
hard_on,1.0,0.0002872737719046251,1.724797998508091e-05,4.0579
hard_that,1.0,0.0002872737719046251,0.00027596767976129457,0.0579
hard_to,4.0,0.0011490950876185005,0.0001489598271438806,2.9475
have_a,5.0,0.0014363688595231256,0.0001725623260708334,3.0572
have_good,1.0,0.0002872737719046251,8.417674442479677e-06,5.0929
have_law,1.0,0.0002872737719046251,2.8058914808265594e-06,6.6778
have_learn,1.0,0.0002872737719046251,1.4029457404132798e-05,4.3559
have_n't,1.0,0.0002872737719046251,7.57590699823171e-05,1.9229
have_never,1.0,0.0002872737719046251,2.8058914808265594e-06,6.6778
have_pressure,1.0,0.0002872737719046251,1.2626511663719517e-05,4.5079
have_to,3.0,0.0008618213157138753,0.00013327984533926157,2.6929
have_too,1.0,0.0002872737719046251,9.820620182892958e-06,4.8705
have_trouble,1.0,0.0002872737719046251,4.208837221239839e-06,6.0929
have_your,1.0,0.0002872737719046251,1.4029457404132798e-05,4.3559
he/she_go,1.0,0.0002872737719046251,2.3107341606806964e-06,6.9579
he_'s,1.0,0.0002872737719046251,1.848587328544557e-05,3.9579
he_be,1.0,0.0002872737719046251,5.8346037557187585e-05,2.2997
he_can,1.0,0.0002872737719046251,1.675282266493505e-05,4.1
he_help,1.0,0.0002872737719046251,9.242936642722786e-06,4.9579
he_invent,1.0,0.0002872737719046251,2.426270868714731e-05,3.5656
he_save,1.0,0.0002872737719046251,4.505931613327358e-05,2.6725
he_try,1.0,0.0002872737719046251,5.776835401701741e-06,5.636
heavy_or,1.0,0.0002872737719046251,7.4273598021879514e-06,5.2734
heavy_you,1.0,0.0002872737719046251,6.040919305779533e-05,2.2496
height_and,1.0,0.0002872737719046251,1.7578084865178155e-05,4.0306
height_etc,1.0,0.0002872737719046251,2.475786600729317e-07,10.1803
height_of,1.0,0.0002872737719046251,4.456415881312771e-06,6.0104
help_other,1.0,0.0002872737719046251,2.6408390407779387e-06,6.7653
help_people,7.0,0.002010916403332376,6.998223458061537e-05,4.8447
help_someone,1.0,0.0002872737719046251,0.0001412848886816197,1.0238
help_the,1.0,0.0002872737719046251,7.130265410100435e-05,2.0104
help_you,4.0,0.0011490950876185005,0.0003221823629749085,1.8345
hero_can,1.0,0.0002872737719046251,4.786520761410014e-06,5.9073
high_something,2.0,0.0005745475438092502,3.9612585611669074e-05,3.8584
high_stuff,1.0,0.0002872737719046251,8.417674442479677e-06,5.0929
hillary_represent,1.0,0.0002872737719046251,3.3010488009724234e-07,9.7653
hit_something,1.0,0.0002872737719046251,2.6408390407779386e-05,3.4434
hold_a,1.0,0.0002872737719046251,3.0452175188970602e-05,3.2378
hold_for,1.0,0.0002872737719046251,1.7330506205105222e-06,7.373
hold_you,1.0,0.0002872737719046251,6.040919305779533e-05,2.2496
hot_it,1.0,0.0002872737719046251,6.2719927218476034e-06,5.5174
how_big,5.0,0.0014363688595231256,4.621468321361393e-05,4.9579
how_heavy,2.0,0.0005745475438092502,9.903146402917269e-06,5.8584
how_high,3.0,0.0008618213157138753,9.903146402917269e-06,6.4434
how_hot,1.0,0.0002872737719046251,3.3010488009724233e-06,6.4434
how_long,10.0,0.002872737719046251,4.29136344126415e-05,6.0648
how_much,4.0,0.0011490950876185005,1.9806292805834537e-05,5.8584
how_someone,1.0,0.0002872737719046251,0.00035321222170404926,-0.2981
how_tall,7.0,0.002010916403332376,2.3107341606806963e-05,6.4434
how_tall/wide,1.0,0.0002872737719046251,3.3010488009724233e-06,6.4434
how_they,2.0,0.0005745475438092502,9.903146402917269e-05,2.5365
how_thing,1.0,0.0002872737719046251,0.00013204195203889691,1.1214
how_to,3.0,0.0008618213157138753,0.0003135996360923802,1.4585
huge_group,1.0,0.0002872737719046251,8.252622002431058e-08,11.7653
hurry_i,1.0,0.0002872737719046251,3.4661012410210444e-06,6.373
hurt_you,1.0,0.0002872737719046251,4.027279537186356e-05,2.8345
i_'m,1.0,0.0002872737719046251,1.1553670803403482e-06,7.9579
i_ca,1.0,0.0002872737719046251,5.6612986936677056e-05,2.3432
i_get,1.0,0.0002872737719046251,2.426270868714731e-05,3.5656
i_have,2.0,0.0005745475438092502,1.9641240365785917e-05,4.8705
i_mean,1.0,0.0002872737719046251,1.6175139124764874e-05,4.1506
i_measure,4.0,0.0011490950876185005,3.003954408884905e-05,5.2575
i_save,1.0,0.0002872737719046251,9.011863226654716e-05,1.6725
i_use,1.0,0.0002872737719046251,2.426270868714731e-05,3.5656
i_want,1.0,0.0002872737719046251,5.776835401701741e-06,5.636
i_would,1.0,0.0002872737719046251,2.3107341606806964e-06,6.9579
if_a,3.0,0.0008618213157138753,0.00027406957670073545,1.6528
if_he/she,1.0,0.0002872737719046251,2.228207940656386e-06,7.0104
if_i,4.0,0.0011490950876185005,3.11949111691894e-05,5.203
if_it,1.0,0.0002872737719046251,0.0001693438034898853,0.7625
if_someone,4.0,0.0011490950876185005,0.00023841824965023327,2.2689
if_something,2.0,0.0005745475438092502,0.0003565132705050217,0.6885
if_they,2.0,0.0005745475438092502,6.684623821969156e-05,3.1035
if_you,10.0,0.002872737719046251,0.0005436827375201581,2.4016
impact_how,1.0,0.0002872737719046251,3.3010488009724233e-06,6.4434
in_a,10.0,0.002872737719046251,0.00027406957670073545,3.3898
in_college,1.0,0.0002872737719046251,4.456415881312772e-06,6.0104
in_court,2.0,0.0005745475438092502,8.912831762625543e-06,6.0104
in_danger,1.0,0.0002872737719046251,2.228207940656386e-06,7.0104
in_doctor,1.0,0.0002872737719046251,4.456415881312772e-06,6.0104
in_google,1.0,0.0002872737719046251,2.228207940656386e-06,7.0104
in_jail,2.0,0.0005745475438092502,1.1141039703281928e-05,5.6885
in_math,1.0,0.0002872737719046251,2.228207940656386e-06,7.0104
in_school,2.0,0.0005745475438092502,1.7825663525251087e-05,5.0104
in_the,3.0,0.0008618213157138753,0.00012032322879544482,2.8405
in_trouble,2.0,0.0005745475438092502,6.684623821969157e-06,6.4254
inch_long,1.0,0.0002872737719046251,2.145681720632075e-06,7.0648
influence_on,1.0,0.0002872737719046251,2.723365260802249e-06,6.7209
inside_when,1.0,0.0002872737719046251,1.419450984418142e-05,4.339
"integrity_,",1.0,0.0002872737719046251,4.951573201458634e-07,9.1803
invent_a,1.0,0.0002872737719046251,0.00042633045264558843,-0.5695
invent_robot,1.0,0.0002872737719046251,3.466101241021044e-06,6.373
invent_something,22.0,0.006320022981901752,0.000554576198563367,3.5105
invent_stuff,5.0,0.0014363688595231256,0.00011784744219471548,3.6074
invent_the,1.0,0.0002872737719046251,0.00018716946701513638,0.6181
invent_thing,10.0,0.002872737719046251,0.00013864404964084175,4.373
invent_to,1.0,0.0002872737719046251,0.00032927961789699917,-0.1969
invention_to,1.0,0.0002872737719046251,7.839990902309505e-06,5.1954
investigate_thing,1.0,0.0002872737719046251,3.3010488009724233e-06,6.4434
it_'s,17.0,0.004883654122378627,0.0002007037670991233,4.6048
"it_,",2.0,0.0005745475438092502,3.763195633108562e-05,3.9324
it_10,1.0,0.0002872737719046251,1.2543985443695207e-05,4.5174
it_and,1.0,0.0002872737719046251,0.00044531148325117984,-0.6324
it_be,10.0,0.002872737719046251,0.000633471264906608,2.1811
it_blow,2.0,0.0005745475438092502,3.763195633108562e-05,3.9324
it_ca,5.0,0.0014363688595231256,0.00030732764337053256,2.2246
it_can,1.0,0.0002872737719046251,0.0001818877889335805,0.6594
it_explode,2.0,0.0005745475438092502,0.00010035188354956165,2.5174
it_get,1.0,0.0002872737719046251,0.00013171184715879967,1.125
it_mean,2.0,0.0005745475438092502,8.780789810586646e-05,2.71
it_no,1.0,0.0002872737719046251,1.2543985443695207e-05,4.5174
it_or,1.0,0.0002872737719046251,0.0001881597816554281,0.6105
it_over,1.0,0.0002872737719046251,3.135996360923802e-05,3.1954
it_the,1.0,0.0002872737719046251,0.0003386876069797706,-0.2375
it_to,1.0,0.0002872737719046251,0.0005958393085755224,-1.0525
it_weigh,1.0,0.0002872737719046251,1.881597816554281e-05,3.9324
it_work,1.0,0.0002872737719046251,3.763195633108562e-05,2.9324
it_would,1.0,0.0002872737719046251,1.2543985443695207e-05,4.5174
jail_and,1.0,0.0002872737719046251,2.9296808108630257e-05,3.2936
jail_or,1.0,0.0002872737719046251,1.2378933003646587e-05,4.5365
jail_you,1.0,0.0002872737719046251,0.0001006819884296589,1.5126
job_and,1.0,0.0002872737719046251,1.7578084865178155e-05,4.0306
job_of,1.0,0.0002872737719046251,4.456415881312771e-06,6.0104
judge_and,1.0,0.0002872737719046251,5.859361621726052e-06,5.6155
just_do,1.0,0.0002872737719046251,7.5098860222122624e-06,5.2575
keep_an,1.0,0.0002872737719046251,9.903146402917269e-07,8.1803
keep_people,1.0,0.0002872737719046251,8.747779322576921e-06,5.0374
kind_of,2.0,0.0005745475438092502,2.970943920875181e-06,7.5954
know_about,1.0,0.0002872737719046251,8.170095782406747e-06,5.1359
know_all,1.0,0.0002872737719046251,2.723365260802249e-06,6.7209
know_how,1.0,0.0002872737719046251,3.6311536810696655e-05,2.9839
know_stuff,1.0,0.0002872737719046251,3.0864806289092155e-05,3.2184
know_the,2.0,0.0005745475438092502,4.902057469444048e-05,3.551
know_what,2.0,0.0005745475438092502,6.3545189418719144e-06,6.4985
know_you,1.0,0.0002872737719046251,0.00022150037454524957,0.3751
knowledge_in,1.0,0.0002872737719046251,2.228207940656386e-06,7.0104
lava_come,1.0,0.0002872737719046251,4.951573201458634e-07,9.1803
law_and,1.0,0.0002872737719046251,1.1718723243452104e-05,4.6155
lawyer_'s,1.0,0.0002872737719046251,1.848587328544557e-05,3.9579
lawyer_and,1.0,0.0002872737719046251,4.101553135208236e-05,2.8082
lawyer_like,1.0,0.0002872737719046251,5.4879936316166535e-05,2.3881
lawyer_there,1.0,0.0002872737719046251,2.3107341606806964e-06,6.9579
lawyer_thing,1.0,0.0002872737719046251,2.3107341606806963e-05,3.636
learn_a,1.0,0.0002872737719046251,0.00010150725062990201,1.5008
learn_how,1.0,0.0002872737719046251,3.301048800972423e-05,3.1214
learn_more,1.0,0.0002872737719046251,1.6505244004862116e-06,7.4434
learn_new,1.0,0.0002872737719046251,5.776835401701741e-06,5.636
learn_something,1.0,0.0002872737719046251,0.00013204195203889691,1.1214
learn_stuff,1.0,0.0002872737719046251,2.8058914808265596e-05,3.3559
learn_when,1.0,0.0002872737719046251,7.09725492209071e-05,2.0171
leave_place,1.0,0.0002872737719046251,7.427359802187952e-07,8.5954
length_of,1.0,0.0002872737719046251,5.941887841750362e-06,5.5954
length_or,2.0,0.0005745475438092502,9.903146402917269e-06,5.8584
life_or,1.0,0.0002872737719046251,2.4757866007293173e-05,3.5365
life_when,1.0,0.0002872737719046251,7.09725492209071e-05,2.0171
like_a,13.0,0.0037345590347601263,0.000964318880984069,1.9534
like_ear,1.0,0.0002872737719046251,7.839990902309505e-06,5.1954
like_equipment,1.0,0.0002872737719046251,7.839990902309505e-06,5.1954
like_everyones,1.0,0.0002872737719046251,7.839990902309505e-06,5.1954
like_family,1.0,0.0002872737719046251,1.567998180461901e-05,4.1954
like_guard,1.0,0.0002872737719046251,7.839990902309505e-06,5.1954
like_he,2.0,0.0005745475438092502,5.4879936316166535e-05,3.3881
like_how,2.0,0.0005745475438092502,0.0003135996360923802,0.8735
like_i,2.0,0.0005745475438092502,0.00010975987263233307,2.3881
like_if,9.0,0.002585463947141626,0.00021167975436235664,3.6105
like_in,2.0,0.0005745475438092502,0.00021167975436235664,1.4405
like_integrity,1.0,0.0002872737719046251,7.839990902309505e-06,5.1954
like_it,2.0,0.0005745475438092502,0.0005958393085755224,-0.0525
like_make,1.0,0.0002872737719046251,0.0004311994996270227,-0.5859
like_manager,1.0,0.0002872737719046251,3.135996360923802e-05,3.1954
like_medicine,1.0,0.0002872737719046251,1.567998180461901e-05,4.1954
like_no,1.0,0.0002872737719046251,1.567998180461901e-05,4.1954
like_potion,1.0,0.0002872737719046251,9.407989082771405e-05,1.6105
like_review,1.0,0.0002872737719046251,7.839990902309505e-06,5.1954
like_school,1.0,0.0002872737719046251,6.271992721847604e-05,2.1954
like_science,1.0,0.0002872737719046251,0.00012543985443695208,1.1954
like_someone,3.0,0.0008618213157138753,0.000838879026547117,0.0389
like_something,4.0,0.0011490950876185005,0.0012543985443695207,-0.1265
like_steve,1.0,0.0002872737719046251,7.839990902309505e-06,5.1954
like_stress,1.0,0.0002872737719046251,7.839990902309505e-06,5.1954
like_superman,1.0,0.0002872737719046251,7.839990902309505e-06,5.1954
like_that,3.0,0.0008618213157138753,0.0013798383988064729,-0.679
like_the,2.0,0.0005745475438092502,0.0004233595087247133,0.4405
like_they,2.0,0.0005745475438092502,0.00023519972706928513,1.2885
like_to,1.0,0.0002872737719046251,0.0007447991357194029,-1.3744
like_too,1.0,0.0002872737719046251,5.4879936316166535e-05,2.3881
like_try,1.0,0.0002872737719046251,7.839990902309504e-05,1.8735
like_volcano,1.0,0.0002872737719046251,6.271992721847604e-05,2.1954
like_when,5.0,0.0014363688595231256,0.0006742392175986174,1.0911
like_who,1.0,0.0002872737719046251,0.0005644793449662844,-0.9745
like_you,22.0,0.006320022981901752,0.001912957780163519,1.7241
liquid_and,1.0,0.0002872737719046251,1.1718723243452104e-05,4.6155
live_in,1.0,0.0002872737719046251,1.1141039703281928e-05,4.6885
long_be,2.0,0.0005745475438092502,0.00010835692689191979,2.4066
long_it,5.0,0.0014363688595231256,8.153590538401884e-05,4.1388
long_something,4.0,0.0011490950876185005,0.000171654537650566,2.7429
long_to,1.0,0.0002872737719046251,0.00010191988173002356,1.495
look_at,2.0,0.0005745475438092502,1.6505244004862116e-06,8.4434
look_for,1.0,0.0002872737719046251,2.3107341606806964e-06,6.9579
look_in,1.0,0.0002872737719046251,8.912831762625543e-06,5.0104
lose_and,1.0,0.0002872737719046251,5.859361621726052e-06,5.6155
lot_and,1.0,0.0002872737719046251,4.101553135208236e-05,2.8082
lot_my,1.0,0.0002872737719046251,1.7330506205105222e-06,7.373
lot_of,3.0,0.0008618213157138753,1.0398303723063133e-05,6.373
lowin_too,1.0,0.0002872737719046251,5.776835401701741e-07,8.9579
mad_and,1.0,0.0002872737719046251,5.859361621726052e-06,5.6155
make_a,1.0,0.0002872737719046251,0.000558289878464461,-0.9586
make_energy,1.0,0.0002872737719046251,4.538942101337081e-06,5.9839
make_experiment,4.0,0.0011490950876185005,7.716201572273037e-05,3.8965
make_kind,1.0,0.0002872737719046251,9.077884202674162e-06,4.9839
make_law,1.0,0.0002872737719046251,9.077884202674162e-06,4.9839
make_liquid,1.0,0.0002872737719046251,9.077884202674162e-06,4.9839
make_medicine,1.0,0.0002872737719046251,9.077884202674162e-06,4.9839
make_new,2.0,0.0005745475438092502,3.177259470935957e-05,4.1766
make_people,1.0,0.0002872737719046251,0.00024056393137086529,0.256
make_potion,6.0,0.0017236426314277506,5.4467305216044975e-05,4.9839
make_science,2.0,0.0005745475438092502,7.26230736213933e-05,2.9839
make_some,1.0,0.0002872737719046251,1.3616826304011244e-05,4.399
make_something,13.0,0.0037345590347601263,0.000726230736213933,2.3624
make_stuff,10.0,0.002872737719046251,0.00015432403144546075,4.2184
make_thing,6.0,0.0017236426314277506,0.00018155768405348326,3.247
make_toothpaste,1.0,0.0002872737719046251,4.538942101337081e-06,5.9839
make_you,2.0,0.0005745475438092502,0.0011075018727262477,-0.9468
man_who,2.0,0.0005745475438092502,1.1883775683500724e-05,5.5954
manage_to,1.0,0.0002872737719046251,7.839990902309505e-06,5.1954
math_you,1.0,0.0002872737719046251,2.013639768593178e-05,3.8345
matter_how,1.0,0.0002872737719046251,3.3010488009724233e-06,6.4434
mean_how,1.0,0.0002872737719046251,4.621468321361393e-05,2.636
mean_like,5.0,0.0014363688595231256,0.00010975987263233307,3.71
mean_somebody,1.0,0.0002872737719046251,5.199151861531567e-05,2.4661
mean_that,3.0,0.0008618213157138753,0.00020334460613990126,2.0835
mean_to,1.0,0.0002872737719046251,0.00010975987263233307,1.3881
mean_when,1.0,0.0002872737719046251,9.936156890926994e-05,1.5317
mean_you,2.0,0.0005745475438092502,0.0002819095676030449,1.0272
measure_big,1.0,0.0002872737719046251,3.003954408884905e-05,3.2575
measure_cup,1.0,0.0002872737719046251,2.145681720632075e-06,7.0648
measure_height,1.0,0.0002872737719046251,6.4370451618962246e-06,5.4799
measure_how,3.0,0.0008618213157138753,8.5827268825283e-05,3.3279
measure_it,3.0,0.0008618213157138753,0.00016307181076803768,2.4019
measure_like,2.0,0.0005745475438092502,0.00020383976346004712,1.495
measure_my,2.0,0.0005745475438092502,6.4370451618962246e-06,6.4799
measure_something,4.0,0.0011490950876185005,0.000343309075301132,1.7429
measure_the,3.0,0.0008618213157138753,0.00011586681291413205,2.8949
measure_this,1.0,0.0002872737719046251,6.4370451618962246e-06,5.4799
measure_water,1.0,0.0002872737719046251,6.4370451618962246e-06,5.4799
measure_what,1.0,0.0002872737719046251,1.5019772044424525e-05,4.2575
measure_with,1.0,0.0002872737719046251,6.4370451618962246e-06,5.4799
measure_you,1.0,0.0002872737719046251,0.0005235463398342262,-0.8659
medicine_or,1.0,0.0002872737719046251,4.951573201458634e-06,5.8584
metal_be,1.0,0.0002872737719046251,1.6670296444910738e-05,4.1071
metal_in,1.0,0.0002872737719046251,4.456415881312772e-06,6.0104
mexico_be,1.0,0.0002872737719046251,3.3340592889821476e-05,3.1071
mexico_they,1.0,0.0002872737719046251,9.903146402917269e-06,4.8584
mexico_when,1.0,0.0002872737719046251,2.838901968836284e-05,3.339
migrate_mean,1.0,0.0002872737719046251,2.3107341606806964e-06,6.9579
migrate_over,1.0,0.0002872737719046251,8.252622002431058e-07,8.4434
military_and,1.0,0.0002872737719046251,5.859361621726052e-06,5.6155
mom_say,1.0,0.0002872737719046251,6.602097601944847e-07,8.7653
mom_think,1.0,0.0002872737719046251,4.951573201458634e-07,9.1803
more_knowledge,1.0,0.0002872737719046251,1.6505244004862117e-07,10.7653
more_thing,1.0,0.0002872737719046251,6.6020976019448466e-06,5.4434
move_to,2.0,0.0005745475438092502,1.567998180461901e-05,5.1954
much_a,1.0,0.0002872737719046251,6.0904350377941204e-05,2.2378
much_air,1.0,0.0002872737719046251,1.4854719604375903e-06,7.5954
much_blood,1.0,0.0002872737719046251,4.951573201458634e-07,9.1803
much_the,1.0,0.0002872737719046251,2.6738495287876627e-05,3.4254
much_you,1.0,0.0002872737719046251,0.00012081838611559067,1.2496
my_big,1.0,0.0002872737719046251,3.4661012410210444e-06,6.373
my_mom,1.0,0.0002872737719046251,4.951573201458634e-07,9.1803
my_pencil,1.0,0.0002872737719046251,2.475786600729317e-07,10.1803
n't_be,4.0,0.0011490950876185005,0.0004500980040125899,1.3522
n't_belong,1.0,0.0002872737719046251,4.456415881312772e-06,6.0104
n't_do,36.0,0.010341855788566504,0.00040553384519946214,4.6725
n't_figure,1.0,0.0002872737719046251,1.3369247643938313e-05,4.4254
n't_finish,1.0,0.0002872737719046251,4.456415881312772e-06,6.0104
n't_happen,2.0,0.0005745475438092502,1.3369247643938313e-05,5.4254
n't_know,2.0,0.0005745475438092502,4.902057469444048e-05,3.551
n't_need,1.0,0.0002872737719046251,3.5651327050502174e-05,3.0104
n't_really,1.0,0.0002872737719046251,2.6738495287876627e-05,3.4254
n't_see,1.0,0.0002872737719046251,7.57590699823171e-05,1.9229
n't_so,2.0,0.0005745475438092502,1.3369247643938313e-05,5.4254
n't_stop,1.0,0.0002872737719046251,4.456415881312772e-06,6.0104
na_blow,1.0,0.0002872737719046251,4.951573201458634e-07,9.1803
natural_resource,1.0,0.0002872737719046251,4.126311001215529e-07,9.4434
need_help,1.0,0.0002872737719046251,1.0563356163111755e-05,4.7653
need_to,5.0,0.0014363688595231256,6.271992721847604e-05,4.5174
never_be,1.0,0.0002872737719046251,1.6670296444910738e-05,4.1071
never_do,1.0,0.0002872737719046251,1.5019772044424525e-05,4.2575
new_thing,7.0,0.002010916403332376,2.3107341606806963e-05,6.4434
no_food,1.0,0.0002872737719046251,1.6505244004862117e-07,10.7653
no_matter,1.0,0.0002872737719046251,1.6505244004862117e-07,10.7653
nobody_can,1.0,0.0002872737719046251,2.393260380705007e-06,6.9073
north_for,1.0,0.0002872737719046251,5.776835401701741e-07,8.9579
not_be,1.0,0.0002872737719046251,0.00014169751978174126,1.0196
not_do,7.0,0.002010916403332376,0.00012766806237760845,3.9774
not_get,1.0,0.0002872737719046251,2.946186054867887e-05,3.2855
not_happen,1.0,0.0002872737719046251,4.208837221239839e-06,6.0929
not_possible,5.0,0.0014363688595231256,8.417674442479677e-06,7.4148
not_that,1.0,0.0002872737719046251,0.00024691845031273724,0.2184
not_to,1.0,0.0002872737719046251,0.00013327984533926157,1.108
of_hard,1.0,0.0002872737719046251,2.8223967248314216e-05,3.3474
of_jail,1.0,0.0002872737719046251,7.427359802187952e-06,5.2734
of_lawyer,1.0,0.0002872737719046251,1.0398303723063133e-05,4.788
of_like,1.0,0.0002872737719046251,0.0001411198362415711,1.0255
of_metal,1.0,0.0002872737719046251,2.970943920875181e-06,6.5954
of_pressure,2.0,0.0005745475438092502,1.3369247643938313e-05,5.4254
of_public,1.0,0.0002872737719046251,1.4854719604375905e-06,7.5954
of_science,1.0,0.0002872737719046251,2.3767551367001448e-05,3.5954
of_scientist,1.0,0.0002872737719046251,4.456415881312771e-06,6.0104
of_something,6.0,0.0017236426314277506,0.00023767551367001447,2.8584
of_that,1.0,0.0002872737719046251,0.0002614430650370159,0.1359
of_weather,1.0,0.0002872737719046251,1.4854719604375905e-06,7.5954
on_animal,1.0,0.0002872737719046251,1.8155768405348328e-06,7.3059
on_human,1.0,0.0002872737719046251,9.077884202674164e-07,8.3059
on_it,1.0,0.0002872737719046251,6.899191994032364e-05,2.0579
on_something,1.0,0.0002872737719046251,0.00014524614724278662,0.9839
on_the,1.0,0.0002872737719046251,4.902057469444048e-05,2.551
on_their,1.0,0.0002872737719046251,9.077884202674164e-07,8.3059
on_to,1.0,0.0002872737719046251,8.623989992540455e-05,1.736
on_you,3.0,0.0008618213157138753,0.00022150037454524957,1.9601
one_place,1.0,0.0002872737719046251,7.427359802187952e-07,8.5954
"optimism_,",1.0,0.0002872737719046251,4.951573201458634e-07,9.1803
or_be,1.0,0.0002872737719046251,0.00025005444667366105,0.2002
or_big,3.0,0.0008618213157138753,3.4661012410210445e-05,4.636
or_feel,1.0,0.0002872737719046251,1.2378933003646587e-05,4.5365
or_girl,2.0,0.0005745475438092502,4.951573201458634e-06,6.8584
or_how,1.0,0.0002872737719046251,9.903146402917269e-05,1.5365
or_in,1.0,0.0002872737719046251,6.684623821969156e-05,2.1035
or_it,1.0,0.0002872737719046251,0.0001881597816554281,0.6105
or_long,1.0,0.0002872737719046251,3.2185225809481124e-05,3.158
or_man,1.0,0.0002872737719046251,4.951573201458634e-06,5.8584
or_measure,2.0,0.0005745475438092502,6.437045161896225e-05,3.158
or_nobody,1.0,0.0002872737719046251,2.475786600729317e-06,6.8584
or_north,1.0,0.0002872737719046251,2.475786600729317e-06,6.8584
or_piece,1.0,0.0002872737719046251,2.475786600729317e-06,6.8584
or_save,1.0,0.0002872737719046251,0.00019311135485688676,0.573
or_shoot,1.0,0.0002872737719046251,2.475786600729317e-06,6.8584
or_size,1.0,0.0002872737719046251,1.9806292805834537e-05,3.8584
or_small,1.0,0.0002872737719046251,1.4854719604375903e-05,4.2734
or_someone,1.0,0.0002872737719046251,0.00026490916627803693,0.1169
or_something,1.0,0.0002872737719046251,0.00039612585611669077,-0.4635
or_squeeze,1.0,0.0002872737719046251,4.951573201458634e-06,5.8584
or_summer,1.0,0.0002872737719046251,2.475786600729317e-06,6.8584
or_the,2.0,0.0005745475438092502,0.00013369247643938312,2.1035
or_they,1.0,0.0002872737719046251,7.42735980218795e-05,1.9515
or_too,1.0,0.0002872737719046251,1.7330506205105223e-05,4.051
or_use,1.0,0.0002872737719046251,5.1991518615315654e-05,2.4661
other_people,2.0,0.0005745475438092502,8.747779322576921e-06,6.0374
others_from,1.0,0.0002872737719046251,4.126311001215529e-07,9.4434
out_how,1.0,0.0002872737719046251,3.9612585611669074e-05,2.8584
out_lava,1.0,0.0002872737719046251,1.9806292805834537e-06,7.1803
out_of,1.0,0.0002872737719046251,1.7825663525251083e-05,4.0104
out_something,2.0,0.0005745475438092502,0.0001584503424466763,1.8584
out_to,1.0,0.0002872737719046251,9.407989082771405e-05,1.6105
outside_and,1.0,0.0002872737719046251,5.859361621726052e-06,5.6155
over_again,1.0,0.0002872737719046251,4.126311001215529e-07,9.4434
over_and,2.0,0.0005745475438092502,2.9296808108630257e-05,4.2936
over_the,1.0,0.0002872737719046251,2.2282079406563855e-05,3.6885
own_a,1.0,0.0002872737719046251,2.03014501259804e-05,3.8228
own_the,1.0,0.0002872737719046251,8.912831762625543e-06,5.0104
paper_in,1.0,0.0002872737719046251,2.228207940656386e-06,7.0104
people_and,3.0,0.0008618213157138753,0.00031054616595148067,1.4726
people_can,2.0,0.0005745475438092502,0.00012684280017736534,2.1794
people_have,1.0,0.0002872737719046251,7.435612424190382e-05,1.9499
people_if,1.0,0.0002872737719046251,0.00011809502085478844,1.2825
people_not,1.0,0.0002872737719046251,7.435612424190382e-05,1.9499
people_out,1.0,0.0002872737719046251,5.2486675935461525e-05,2.4524
people_safe,1.0,0.0002872737719046251,4.373889661288461e-06,6.0374
people_small,1.0,0.0002872737719046251,2.6243337967730763e-05,3.4524
people_that,6.0,0.0017236426314277506,0.000769804580386769,1.1629
people_to,2.0,0.0005745475438092502,0.0004155195178224037,0.4675
people_use,1.0,0.0002872737719046251,9.185168288705766e-05,1.645
people_when,1.0,0.0002872737719046251,0.0003761545108708076,-0.3889
person_'s,1.0,0.0002872737719046251,0.0001161969177942293,1.3059
person_make,2.0,0.0005745475438092502,0.00019971345245883157,1.5245
person_that,20.0,0.005745475438092502,0.000639083047868261,3.1684
person_try,1.0,0.0002872737719046251,3.6311536810696655e-05,2.9839
person_who,13.0,0.0037345590347601263,0.0002614430650370159,3.8364
phone_or,1.0,0.0002872737719046251,2.475786600729317e-06,6.8584
pick_them,1.0,0.0002872737719046251,1.6505244004862117e-07,10.7653
picture_from,1.0,0.0002872737719046251,4.126311001215529e-07,9.4434
piece_of,1.0,0.0002872737719046251,1.4854719604375905e-06,7.5954
place_and,1.0,0.0002872737719046251,5.273425459553446e-05,2.4456
place_for,1.0,0.0002872737719046251,5.1991518615315664e-06,5.788
place_in,1.0,0.0002872737719046251,2.005387146590747e-05,3.8405
place_that,1.0,0.0002872737719046251,0.00013072153251850795,1.1359
place_to,1.0,0.0002872737719046251,7.055991812078555e-05,2.0255
police_not,1.0,0.0002872737719046251,1.4029457404132797e-06,7.6778
possible_that,1.0,0.0002872737719046251,8.714768834567196e-05,1.7209
potion_and,3.0,0.0008618213157138753,7.031233946071262e-05,3.6155
press_and,1.0,0.0002872737719046251,1.1718723243452104e-05,4.6155
pressure_be,1.0,0.0002872737719046251,7.501633400209832e-05,1.9371
pressure_because,1.0,0.0002872737719046251,1.4854719604375905e-06,7.5954
pressure_down,1.0,0.0002872737719046251,7.427359802187952e-07,8.5954
pressure_how,1.0,0.0002872737719046251,2.970943920875181e-05,3.2734
pressure_like,1.0,0.0002872737719046251,7.055991812078555e-05,2.0255
pressure_on,1.0,0.0002872737719046251,8.170095782406747e-06,5.1359
principal_you,1.0,0.0002872737719046251,2.013639768593178e-05,3.8345
problem_of,1.0,0.0002872737719046251,2.970943920875181e-06,6.5954
protect_or,1.0,0.0002872737719046251,1.4854719604375903e-05,4.2734
protect_people,2.0,0.0005745475438092502,2.6243337967730763e-05,4.4524
protect_someone,2.0,0.0005745475438092502,5.298183325560739e-05,3.4389
protect_you,1.0,0.0002872737719046251,0.00012081838611559067,1.2496
public_go,1.0,0.0002872737719046251,2.3107341606806964e-06,6.9579
push-_hurry,1.0,0.0002872737719046251,2.475786600729317e-07,10.1803
push_or,1.0,0.0002872737719046251,1.7330506205105223e-05,4.051
push_something,3.0,0.0008618213157138753,9.242936642722785e-05,3.221
push_you,2.0,0.0005745475438092502,0.00014095478380152246,2.0272
put_metal,1.0,0.0002872737719046251,4.951573201458634e-07,9.1803
put_out,1.0,0.0002872737719046251,2.9709439208751806e-06,6.5954
put_pressure,1.0,0.0002872737719046251,2.2282079406563854e-06,7.0104
read_it,1.0,0.0002872737719046251,1.881597816554281e-05,3.9324
read_thing,1.0,0.0002872737719046251,9.903146402917269e-06,4.8584
really_do,1.0,0.0002872737719046251,4.505931613327357e-05,2.6725
really_good,1.0,0.0002872737719046251,2.9709439208751806e-06,6.5954
really_hard,4.0,0.0011490950876185005,9.407989082771404e-06,6.9324
represent_somebody,1.0,0.0002872737719046251,1.4854719604375903e-05,4.2734
represent_something,1.0,0.0002872737719046251,5.281678081555877e-05,2.4434
represent_your,1.0,0.0002872737719046251,3.3010488009724233e-06,6.4434
rescue_person,1.0,0.0002872737719046251,1.0893461043208995e-05,4.7209
rescue_someone,2.0,0.0005745475438092502,2.6490916627803695e-05,4.4389
resin_or,1.0,0.0002872737719046251,2.475786600729317e-06,6.8584
resource_and,1.0,0.0002872737719046251,2.9296808108630257e-05,3.2936
resource_in,1.0,0.0002872737719046251,1.1141039703281928e-05,4.6885
right_now,1.0,0.0002872737719046251,8.252622002431058e-08,11.7653
rock_and,1.0,0.0002872737719046251,1.1718723243452104e-05,4.6155
rock_or,1.0,0.0002872737719046251,4.951573201458634e-06,5.8584
ruler_and,3.0,0.0008618213157138753,7.031233946071262e-05,3.6155
ruler_if,1.0,0.0002872737719046251,2.6738495287876627e-05,3.4254
ruler_that,1.0,0.0002872737719046251,0.00017429537669134393,0.7209
ruler_to,3.0,0.0008618213157138753,9.407989082771405e-05,3.1954
ruler_you,1.0,0.0002872737719046251,0.00024163677223118133,0.2496
sad_you,1.0,0.0002872737719046251,2.013639768593178e-05,3.8345
save_a,5.0,0.0014363688595231256,0.0007917565549132357,0.8593
save_live,3.0,0.0008618213157138753,3.2185225809481124e-05,4.7429
save_others,1.0,0.0002872737719046251,6.437045161896225e-06,5.4799
save_people,26.0,0.007469118069520253,0.0003411633935804999,4.4524
save_person,2.0,0.0005745475438092502,0.0002832299871234339,1.0205
save_somebody,8.0,0.002298190175237001,0.00028966703228533013,2.988
save_someone,7.0,0.002010916403332376,0.0006887638323228962,1.5458
save_something,1.0,0.0002872737719046251,0.001029927225903396,-1.842
save_the,16.0,0.004596380350474002,0.0003476004387423962,3.725
save_you,4.0,0.0011490950876185005,0.0015706390195026787,-0.4509
save_your,3.0,0.0008618213157138753,6.437045161896225e-05,3.7429
say_if,1.0,0.0002872737719046251,8.912831762625543e-06,5.0104
say_she,1.0,0.0002872737719046251,3.3010488009724234e-07,9.7653
say_that,1.0,0.0002872737719046251,5.809845889711465e-05,2.3059
say_they,1.0,0.0002872737719046251,9.903146402917269e-06,4.8584
school_and,1.0,0.0002872737719046251,4.6874892973808415e-05,2.6155
school_you,1.0,0.0002872737719046251,0.00016109118148745425,0.8345
science_and,3.0,0.0008618213157138753,9.374978594761683e-05,3.2005
science_thing,1.0,0.0002872737719046251,5.281678081555877e-05,2.4434
scientific_thing,1.0,0.0002872737719046251,3.3010488009724233e-06,6.4434
scientist_be,1.0,0.0002872737719046251,2.5005444667366105e-05,3.5221
scientist_invent,1.0,0.0002872737719046251,1.0398303723063131e-05,4.788
scientist_that,1.0,0.0002872737719046251,4.357384417283598e-05,2.7209
score_and,1.0,0.0002872737719046251,5.859361621726052e-06,5.6155
see_how,12.0,0.0034472852628555013,5.611782961653119e-05,5.9409
see_if,3.0,0.0008618213157138753,3.787953499115855e-05,4.5079
see_the,1.0,0.0002872737719046251,7.57590699823171e-05,1.9229
self_control,1.0,0.0002872737719046251,8.252622002431058e-08,11.7653
send_to,1.0,0.0002872737719046251,7.839990902309505e-06,5.1954
service_project,1.0,0.0002872737719046251,8.252622002431058e-08,11.7653
shake_and,1.0,0.0002872737719046251,1.1718723243452104e-05,4.6155
shark_be,1.0,0.0002872737719046251,8.335148222455369e-06,5.1071
she_'s,1.0,0.0002872737719046251,2.6408390407779387e-06,6.7653
shoot_out,1.0,0.0002872737719046251,9.903146402917269e-07,8.1803
sister_they,1.0,0.0002872737719046251,2.475786600729317e-06,6.8584
sit_at,1.0,0.0002872737719046251,4.126311001215529e-07,9.4434
size_be,2.0,0.0005745475438092502,6.668118577964295e-05,3.1071
size_it,1.0,0.0002872737719046251,5.017594177478083e-05,2.5174
size_of,1.0,0.0002872737719046251,1.1883775683500724e-05,4.5954
size_you,1.0,0.0002872737719046251,0.00016109118148745425,0.8345
"small_,",1.0,0.0002872737719046251,2.9709439208751806e-06,6.5954
small_or,4.0,0.0011490950876185005,1.4854719604375903e-05,6.2734
small_something,1.0,0.0002872737719046251,7.922517122333815e-05,1.8584
smash_on,1.0,0.0002872737719046251,9.077884202674164e-07,8.3059
so_hard,1.0,0.0002872737719046251,4.703994541385702e-06,5.9324
so_it,1.0,0.0002872737719046251,1.881597816554281e-05,3.9324
so_something,1.0,0.0002872737719046251,3.9612585611669074e-05,2.8584
soda_it,1.0,0.0002872737719046251,6.2719927218476034e-06,5.5174
solve_problem,1.0,0.0002872737719046251,3.3010488009724234e-07,9.7653
solve_the,1.0,0.0002872737719046251,8.912831762625543e-06,5.0104
some_comic,1.0,0.0002872737719046251,2.475786600729317e-07,10.1803
some_person,1.0,0.0002872737719046251,1.0893461043208995e-05,4.7209
some_thing,1.0,0.0002872737719046251,9.903146402917269e-06,4.8584
somebody_'s,1.0,0.0002872737719046251,0.00011883775683500722,1.2734
somebody_and,1.0,0.0002872737719046251,0.0002636712729776723,0.1237
somebody_else,1.0,0.0002872737719046251,2.2282079406563855e-05,3.6885
somebody_find,1.0,0.0002872737719046251,7.4273598021879514e-06,5.2734
somebody_invent,1.0,0.0002872737719046251,0.00015597455584594698,0.8811
somebody_make,1.0,0.0002872737719046251,0.00020425239456016864,0.4921
somebody_need,1.0,0.0002872737719046251,2.9709439208751806e-05,3.2734
somebody_that,18.0,0.005170927894283252,0.0006536076625925397,2.9839
somebody_who,12.0,0.0034472852628555013,0.00026738495287876625,3.6885
someone_'s,5.0,0.0014363688595231256,0.0002825697773632394,2.3457
someone_be,6.0,0.0017236426314277506,0.0008918608598027244,0.9506
someone_else,1.0,0.0002872737719046251,5.298183325560739e-05,2.4389
someone_example,1.0,0.0002872737719046251,8.830305542601232e-06,5.0238
someone_fall,1.0,0.0002872737719046251,1.7660611085202463e-05,4.0238
someone_feel,1.0,0.0002872737719046251,4.415152771300616e-05,2.7019
someone_have,1.0,0.0002872737719046251,0.00015011519422422094,0.9364
someone_hold,1.0,0.0002872737719046251,2.6490916627803695e-05,3.4389
someone_in,1.0,0.0002872737719046251,0.00023841824965023327,0.2689
someone_invent,1.0,0.0002872737719046251,0.00037087283278925174,-0.3685
someone_make,1.0,0.0002872737719046251,0.0004856668048430677,-0.7575
someone_save,3.0,0.0008618213157138753,0.0006887638323228962,0.3234
someone_something,1.0,0.0002872737719046251,0.001412848886816197,-2.2981
someone_that,38.0,0.010916403332375754,0.0015541337754978169,2.8123
someone_who,35.0,0.01005458201666188,0.0006357819990672887,3.9832
someplace_far,1.0,0.0002872737719046251,2.475786600729317e-07,10.1803
something_a,1.0,0.0002872737719046251,0.0016241160100784321,-2.4992
something_about,1.0,0.0002872737719046251,0.00011883775683500724,1.2734
something_and,4.0,0.0011490950876185005,0.0009374978594761682,0.2936
something_be,28.0,0.008043665613329504,0.001333623715592859,2.5925
something_blow,2.0,0.0005745475438092502,7.922517122333815e-05,2.8584
something_can,1.0,0.0002872737719046251,0.0003829216609128011,-0.4146
something_closely,1.0,0.0002872737719046251,1.3204195203889693e-05,4.4434
something_else,3.0,0.0008618213157138753,7.922517122333815e-05,3.4434
something_explode,3.0,0.0008618213157138753,0.0002112671232622351,2.0283
something_fast,1.0,0.0002872737719046251,1.3204195203889693e-05,4.4434
something_hard,1.0,0.0002872737719046251,0.00025087970887390415,0.1954
something_hit,2.0,0.0005745475438092502,2.6408390407779386e-05,4.4434
something_how,1.0,0.0002872737719046251,0.0005281678081555877,-0.8786
something_important,2.0,0.0005745475438092502,2.6408390407779386e-05,4.4434
something_it,1.0,0.0002872737719046251,0.0010035188354956166,-1.8046
something_like,2.0,0.0005745475438092502,0.0012543985443695207,-1.1265
something_or,2.0,0.0005745475438092502,0.00039612585611669077,0.5365
something_over,1.0,0.0002872737719046251,6.602097601944846e-05,2.1214
something_pressure,1.0,0.0002872737719046251,0.00011883775683500724,1.2734
something_push,1.0,0.0002872737719046251,9.242936642722785e-05,1.636
something_really,1.0,0.0002872737719046251,7.922517122333815e-05,1.8584
something_small,1.0,0.0002872737719046251,7.922517122333815e-05,1.8584
something_special,1.0,0.0002872737719046251,1.3204195203889693e-05,4.4434
something_that,16.0,0.004596380350474002,0.002323938355884586,0.9839
something_to,2.0,0.0005745475438092502,0.0012543985443695207,-1.1265
something_very,1.0,0.0002872737719046251,3.9612585611669074e-05,2.8584
something_you,11.0,0.003160011490950876,0.003221823629749085,-0.0279
sometimes_in,1.0,0.0002872737719046251,4.456415881312772e-06,6.0104
sometimes_you,1.0,0.0002872737719046251,4.027279537186356e-05,2.8345
somewhere_close,1.0,0.0002872737719046251,9.903146402917269e-07,8.1803
somewhere_else,1.0,0.0002872737719046251,1.9806292805834537e-06,7.1803
somewhere_far,1.0,0.0002872737719046251,9.903146402917269e-07,8.1803
somewhere_warm,1.0,0.0002872737719046251,6.602097601944847e-07,8.7653
south_or,1.0,0.0002872737719046251,2.475786600729317e-06,6.8584
space_and,1.0,0.0002872737719046251,5.859361621726052e-06,5.6155
speak_to,1.0,0.0002872737719046251,7.839990902309505e-06,5.1954
special_about,1.0,0.0002872737719046251,7.427359802187952e-07,8.5954
sport_you,1.0,0.0002872737719046251,2.013639768593178e-05,3.8345
squeeze_or,1.0,0.0002872737719046251,4.951573201458634e-06,5.8584
squeeze_something,1.0,0.0002872737719046251,2.6408390407779386e-05,3.4434
start_to,1.0,0.0002872737719046251,7.839990902309505e-06,5.1954
steve_job,1.0,0.0002872737719046251,2.475786600729317e-07,10.1803
strategy_like,1.0,0.0002872737719046251,1.567998180461901e-05,4.1954
stress_out,1.0,0.0002872737719046251,9.903146402917269e-07,8.1803
study_and,1.0,0.0002872737719046251,5.273425459553446e-05,2.4456
study_something,1.0,0.0002872737719046251,0.00011883775683500724,1.2734
study_stuff,3.0,0.0008618213157138753,2.5253023327439034e-05,5.0929
study_the,2.0,0.0005745475438092502,4.010774293181494e-05,3.8405
study_thing,1.0,0.0002872737719046251,2.970943920875181e-05,3.2734
study_volcano,1.0,0.0002872737719046251,5.941887841750362e-06,5.5954
stuff_(,1.0,0.0002872737719046251,2.8058914808265594e-06,6.6778
stuff_and,2.0,0.0005745475438092502,0.00019921829513868574,1.5281
stuff_be,1.0,0.0002872737719046251,0.0002833950395634825,0.0196
stuff_keep,1.0,0.0002872737719046251,5.611782961653119e-06,5.6778
stuff_like,1.0,0.0002872737719046251,0.00026655969067852314,0.108
stuff_out,1.0,0.0002872737719046251,3.367069776991871e-05,3.0929
stuff_that,2.0,0.0005745475438092502,0.0004938369006254745,0.2184
stuff_when,1.0,0.0002872737719046251,0.0002413066673510841,0.2516
stuff_with,1.0,0.0002872737719046251,8.417674442479677e-06,5.0929
stuff_you,1.0,0.0002872737719046251,0.0006846375213216805,-1.2529
suddenly_without,1.0,0.0002872737719046251,8.252622002431058e-08,11.7653
super_hard,1.0,0.0002872737719046251,1.5679981804619009e-06,7.5174
superhero_be,1.0,0.0002872737719046251,2.5005444667366105e-05,3.5221
superhero_that,2.0,0.0005745475438092502,4.357384417283598e-05,3.7209
ta_go,1.0,0.0002872737719046251,4.621468321361393e-06,5.9579
ta_take,1.0,0.0002872737719046251,4.951573201458634e-07,9.1803
take_care,3.0,0.0008618213157138753,7.427359802187951e-07,10.1803
talk_about,1.0,0.0002872737719046251,7.427359802187952e-07,8.5954
tall/wide_be,1.0,0.0002872737719046251,8.335148222455369e-06,5.1071
tall_it,1.0,0.0002872737719046251,4.390394905293323e-05,2.71
tall_something,3.0,0.0008618213157138753,9.242936642722785e-05,3.221
tall_this,1.0,0.0002872737719046251,1.7330506205105222e-06,7.373
tall_you,2.0,0.0005745475438092502,0.00014095478380152246,2.0272
taller_and,1.0,0.0002872737719046251,5.859361621726052e-06,5.6155
teach_someone,1.0,0.0002872737719046251,3.5321222170404926e-05,3.0238
teach_you,2.0,0.0005745475438092502,8.054559074372712e-05,2.8345
tell_the,1.0,0.0002872737719046251,1.3369247643938313e-05,4.4254
tell_you,2.0,0.0005745475438092502,6.040919305779533e-05,3.2496
test_stuff,1.0,0.0002872737719046251,5.611782961653119e-06,5.6778
test_thing,1.0,0.0002872737719046251,6.6020976019448466e-06,5.4434
that_'s,3.0,0.0008618213157138753,0.0004647876711769172,0.8908
that_a,1.0,0.0002872737719046251,0.0017865276110862753,-2.6367
that_be,5.0,0.0014363688595231256,0.0014669860871521449,-0.0304
that_because,1.0,0.0002872737719046251,2.9049229448557325e-05,3.3059
that_bottle,1.0,0.0002872737719046251,1.4524614724278662e-05,4.3059
that_ca,2.0,0.0005745475438092502,0.0007117061214896544,-0.3089
that_cold,1.0,0.0002872737719046251,4.357384417283598e-05,2.7209
that_create,4.0,0.0011490950876185005,0.00014524614724278662,2.9839
that_discover,3.0,0.0008618213157138753,0.0001161969177942293,2.8908
that_do,10.0,0.002872737719046251,0.0013217399399093582,1.12
that_experiment,1.0,0.0002872737719046251,0.00024691845031273724,0.2184
that_explode,1.0,0.0002872737719046251,0.0002323938355884586,0.3059
that_go,1.0,0.0002872737719046251,0.0004066892122798025,-0.5015
that_have,1.0,0.0002872737719046251,0.00024691845031273724,0.2184
that_he,1.0,0.0002872737719046251,0.00010167230306995063,1.4985
that_help,8.0,0.002298190175237001,0.0002323938355884586,3.3059
that_if,1.0,0.0002872737719046251,0.00039216459755552386,-0.449
that_invent,11.0,0.003160011490950876,0.0006100338184197037,2.373
that_investigate,1.0,0.0002872737719046251,1.4524614724278662e-05,4.3059
that_it,4.0,0.0011490950876185005,0.0011038707190451783,0.0579
that_know,1.0,0.0002872737719046251,0.00015977076196706526,0.8464
that_make,20.0,0.005745475438092502,0.0007988538098353263,2.8464
that_mean,1.0,0.0002872737719046251,0.00020334460613990126,0.4985
that_measure,1.0,0.0002872737719046251,0.0003776399828312452,-0.3946
that_need,1.0,0.0002872737719046251,0.0001161969177942293,1.3059
that_people,2.0,0.0005745475438092502,0.000769804580386769,-0.4221
that_protect,3.0,0.0008618213157138753,8.714768834567196e-05,3.3059
that_rescue,1.0,0.0002872737719046251,4.357384417283598e-05,2.7209
that_save,24.0,0.0068945705257110025,0.0011329199484937356,2.6054
that_shark,1.0,0.0002872737719046251,1.4524614724278662e-05,4.3059
that_something,7.0,0.002010916403332376,0.002323938355884586,-0.2087
that_study,3.0,0.0008618213157138753,0.00013072153251850795,2.7209
that_stuff,2.0,0.0005745475438092502,0.0004938369006254745,0.2184
that_there,1.0,0.0002872737719046251,5.809845889711465e-05,2.3059
that_they,2.0,0.0005745475438092502,0.0004357384417283598,0.399
that_try,1.0,0.0002872737719046251,0.00014524614724278662,0.9839
that_use,1.0,0.0002872737719046251,0.00030501690920985185,-0.0865
that_work,1.0,0.0002872737719046251,8.714768834567196e-05,1.7209
that_you,38.0,0.010916403332375754,0.003544005992723993,1.623
the_air,1.0,0.0002872737719046251,1.3369247643938313e-05,4.4254
the_chair,1.0,0.0002872737719046251,1.3369247643938313e-05,4.4254
the_city,1.0,0.0002872737719046251,4.456415881312772e-06,6.0104
the_company,1.0,0.0002872737719046251,4.456415881312772e-06,6.0104
the_day,12.0,0.0034472852628555013,5.3476990575753254e-05,6.0104
the_doctor,1.0,0.0002872737719046251,8.912831762625543e-06,5.0104
the_earth,1.0,0.0002872737719046251,4.456415881312772e-06,6.0104
the_ecosystem,1.0,0.0002872737719046251,4.456415881312772e-06,6.0104
the_forest,1.0,0.0002872737719046251,4.456415881312772e-06,6.0104
the_game,1.0,0.0002872737719046251,4.456415881312772e-06,6.0104
the_grind,1.0,0.0002872737719046251,4.456415881312772e-06,6.0104
the_height,1.0,0.0002872737719046251,1.3369247643938313e-05,4.4254
the_lawyer,1.0,0.0002872737719046251,3.11949111691894e-05,3.203
the_length,4.0,0.0011490950876185005,1.7825663525251087e-05,6.0104
the_manager,1.0,0.0002872737719046251,1.7825663525251087e-05,4.0104
the_military,1.0,0.0002872737719046251,4.456415881312772e-06,6.0104
the_neighborhood,1.0,0.0002872737719046251,4.456415881312772e-06,6.0104
the_people,2.0,0.0005745475438092502,0.00023619004170957687,1.2825
the_phone,1.0,0.0002872737719046251,4.456415881312772e-06,6.0104
the_police,1.0,0.0002872737719046251,4.456415881312772e-06,6.0104
the_pressure,1.0,0.0002872737719046251,4.010774293181494e-05,2.8405
the_problem,1.0,0.0002872737719046251,8.912831762625543e-06,5.0104
the_same,1.0,0.0002872737719046251,4.456415881312772e-06,6.0104
the_size,3.0,0.0008618213157138753,3.5651327050502174e-05,4.5954
the_stuff,1.0,0.0002872737719046251,0.0001515181399646342,0.9229
the_thing,1.0,0.0002872737719046251,0.00017825663525251084,0.6885
the_weight,1.0,0.0002872737719046251,8.912831762625543e-06,5.0104
the_winter,3.0,0.0008618213157138753,1.7825663525251087e-05,5.5954
the_work,1.0,0.0002872737719046251,2.6738495287876627e-05,3.4254
the_world,6.0,0.0017236426314277506,2.6738495287876627e-05,6.0104
their_arm,1.0,0.0002872737719046251,8.252622002431058e-08,11.7653
them_up,1.0,0.0002872737719046251,9.903146402917269e-07,8.1803
then_it,1.0,0.0002872737719046251,1.2543985443695207e-05,4.5174
then_you,1.0,0.0002872737719046251,4.027279537186356e-05,2.8345
there_'s,2.0,0.0005745475438092502,1.0563356163111755e-05,5.7653
they_'re,6.0,0.0017236426314277506,8.66525310255261e-05,4.3141
they_be,2.0,0.0005745475438092502,0.00025005444667366105,1.2002
they_can,1.0,0.0002872737719046251,7.17978114211502e-05,2.0004
they_discover,2.0,0.0005745475438092502,1.9806292805834537e-05,4.8584
they_do,3.0,0.0008618213157138753,0.00022529658066636785,1.9356
they_feel,1.0,0.0002872737719046251,1.2378933003646587e-05,4.5365
they_go,1.0,0.0002872737719046251,6.932202482042089e-05,2.051
they_invent,3.0,0.0008618213157138753,0.00010398303723063131,3.051
they_just,1.0,0.0002872737719046251,2.475786600729317e-06,6.8584
they_make,2.0,0.0005745475438092502,0.00013616826304011244,2.077
they_save,2.0,0.0005745475438092502,0.00019311135485688676,1.573
they_solve,1.0,0.0002872737719046251,4.951573201458634e-06,5.8584
they_tell,2.0,0.0005745475438092502,7.4273598021879514e-06,6.2734
they_try,1.0,0.0002872737719046251,2.4757866007293173e-05,3.5365
they_use,1.0,0.0002872737719046251,5.1991518615315654e-05,2.4661
they_want,1.0,0.0002872737719046251,1.2378933003646587e-05,4.5365
thing_),1.0,0.0002872737719046251,3.3010488009724233e-06,6.4434
thing_and,3.0,0.0008618213157138753,0.00023437446486904205,1.8786
thing_like,2.0,0.0005745475438092502,0.0003135996360923802,0.8735
thing_make,1.0,0.0002872737719046251,0.00018155768405348326,0.662
thing_people,1.0,0.0002872737719046251,0.00017495558645153842,0.7154
thing_react,1.0,0.0002872737719046251,3.3010488009724233e-06,6.4434
thing_that,3.0,0.0008618213157138753,0.0005809845889711465,0.5689
thing_to,1.0,0.0002872737719046251,0.0003135996360923802,-0.1265
thing_you,2.0,0.0005745475438092502,0.0008054559074372712,-0.4874
think_about,1.0,0.0002872737719046251,2.2282079406563854e-06,7.0104
think_how,1.0,0.0002872737719046251,9.903146402917269e-06,4.8584
think_they,1.0,0.0002872737719046251,7.4273598021879514e-06,5.2734
this_be,2.0,0.0005745475438092502,2.5005444667366105e-05,4.5221
to_a,4.0,0.0011490950876185005,0.000964318880984069,0.2529
to_another,1.0,0.0002872737719046251,7.839990902309505e-06,5.1954
to_be,1.0,0.0002872737719046251,0.00079183908113326,-1.4628
to_college,1.0,0.0002872737719046251,1.567998180461901e-05,4.1954
to_come,1.0,0.0002872737719046251,2.3519972706928512e-05,3.6105
to_court,2.0,0.0005745475438092502,3.135996360923802e-05,4.1954
to_different,1.0,0.0002872737719046251,2.3519972706928512e-05,3.6105
to_do,9.0,0.002585463947141626,0.0007134391721101648,1.8576
to_end,1.0,0.0002872737719046251,7.839990902309505e-06,5.1954
to_explode,3.0,0.0008618213157138753,0.00012543985443695208,2.7804
to_explore,1.0,0.0002872737719046251,7.839990902309505e-06,5.1954
to_figure,1.0,0.0002872737719046251,2.3519972706928512e-05,3.6105
to_get,4.0,0.0011490950876185005,0.00016463980894849958,2.8031
to_give,1.0,0.0002872737719046251,1.567998180461901e-05,4.1954
to_go,4.0,0.0011490950876185005,0.00021951974526466614,2.3881
to_hold,1.0,0.0002872737719046251,2.3519972706928512e-05,3.6105
to_invent,1.0,0.0002872737719046251,0.00032927961789699917,-0.1969
to_jail,2.0,0.0005745475438092502,3.919995451154752e-05,3.8735
to_keep,1.0,0.0002872737719046251,1.567998180461901e-05,4.1954
to_know,4.0,0.0011490950876185005,8.623989992540455e-05,3.736
to_learn,2.0,0.0005745475438092502,7.839990902309504e-05,2.8735
to_leave,1.0,0.0002872737719046251,7.839990902309505e-06,5.1954
to_live,1.0,0.0002872737719046251,3.919995451154752e-05,2.8735
to_make,4.0,0.0011490950876185005,0.0004311994996270227,1.4141
to_measure,5.0,0.0014363688595231256,0.00020383976346004712,2.8169
to_mexico,3.0,0.0008618213157138753,3.135996360923802e-05,4.7804
to_move,2.0,0.0005745475438092502,1.567998180461901e-05,5.1954
to_one,1.0,0.0002872737719046251,7.839990902309505e-06,5.1954
to_other,1.0,0.0002872737719046251,1.567998180461901e-05,4.1954
to_pick,1.0,0.0002872737719046251,7.839990902309505e-06,5.1954
to_place,2.0,0.0005745475438092502,7.055991812078555e-05,3.0255
to_prison,1.0,0.0002872737719046251,7.839990902309505e-06,5.1954
to_push,1.0,0.0002872737719046251,5.4879936316166535e-05,2.3881
to_read,1.0,0.0002872737719046251,2.3519972706928512e-05,3.6105
to_resin,1.0,0.0002872737719046251,7.839990902309505e-06,5.1954
to_save,2.0,0.0005745475438092502,0.0006115192903801414,-0.09
to_school,2.0,0.0005745475438092502,6.271992721847604e-05,3.1954
to_score,1.0,0.0002872737719046251,7.839990902309505e-06,5.1954
to_see,6.0,0.0017236426314277506,0.00013327984533926157,3.6929
to_short,1.0,0.0002872737719046251,7.839990902309505e-06,5.1954
to_small,1.0,0.0002872737719046251,4.7039945413857025e-05,2.6105
to_solve,1.0,0.0002872737719046251,1.567998180461901e-05,4.1954
to_something,1.0,0.0002872737719046251,0.0012543985443695207,-2.1265
to_speak,1.0,0.0002872737719046251,7.839990902309505e-06,5.1954
to_take,1.0,0.0002872737719046251,2.3519972706928512e-05,3.6105
to_the,2.0,0.0005745475438092502,0.0004233595087247133,0.4405
to_think,1.0,0.0002872737719046251,2.3519972706928512e-05,3.6105
to_travel,2.0,0.0005745475438092502,1.567998180461901e-05,5.1954
to_warm,1.0,0.0002872737719046251,1.567998180461901e-05,4.1954
to_work,1.0,0.0002872737719046251,4.7039945413857025e-05,2.6105
too_big,2.0,0.0005745475438092502,8.087569562382437e-06,6.1506
too_difficult,1.0,0.0002872737719046251,1.1553670803403482e-06,7.9579
too_much,2.0,0.0005745475438092502,3.4661012410210444e-06,7.373
too_small,1.0,0.0002872737719046251,3.4661012410210444e-06,6.373
too_tiny,1.0,0.0002872737719046251,5.776835401701741e-07,8.9579
toothpaste_and,1.0,0.0002872737719046251,5.859361621726052e-06,5.6155
travel_someplace,1.0,0.0002872737719046251,1.6505244004862117e-07,10.7653
trouble_a,1.0,0.0002872737719046251,3.0452175188970602e-05,3.2378
trouble_and,1.0,0.0002872737719046251,1.7578084865178155e-05,4.0306
trouble_he,1.0,0.0002872737719046251,1.7330506205105222e-06,7.373
trump_and,1.0,0.0002872737719046251,5.859361621726052e-06,5.6155
try_cool,1.0,0.0002872737719046251,8.252622002431058e-07,8.4434
try_new,1.0,0.0002872737719046251,5.776835401701741e-06,5.636
try_stuff,1.0,0.0002872737719046251,2.8058914808265596e-05,3.3559
try_to,6.0,0.0017236426314277506,7.839990902309504e-05,4.4585
type_of,2.0,0.0005745475438092502,2.970943920875181e-06,7.5954
up_air,1.0,0.0002872737719046251,1.4854719604375903e-06,7.5954
up_and,2.0,0.0005745475438092502,3.515616973035631e-05,4.0306
use_a,5.0,0.0014363688595231256,0.00021316522632279421,2.7524
use_all,1.0,0.0002872737719046251,5.199151861531566e-06,5.788
use_base,1.0,0.0002872737719046251,1.733050620510522e-06,7.373
use_chemical,2.0,0.0005745475438092502,5.199151861531566e-06,6.788
use_it,2.0,0.0005745475438092502,0.00013171184715879967,2.125
use_potion,2.0,0.0005745475438092502,2.0796607446126262e-05,4.788
use_right,1.0,0.0002872737719046251,1.733050620510522e-06,7.373
use_something,2.0,0.0005745475438092502,0.0002772880992816835,1.051
use_your,2.0,0.0005745475438092502,1.733050620510522e-05,5.051
very_close,1.0,0.0002872737719046251,7.427359802187951e-07,8.5954
very_difficult,1.0,0.0002872737719046251,4.951573201458634e-07,9.1803
very_hard,1.0,0.0002872737719046251,4.703994541385702e-06,5.9324
"volcano_,",1.0,0.0002872737719046251,3.9612585611669074e-06,6.1803
volcano_be,1.0,0.0002872737719046251,6.668118577964295e-05,2.1071
volcano_explode,3.0,0.0008618213157138753,1.0563356163111755e-05,6.3502
volcano_put,1.0,0.0002872737719046251,1.9806292805834537e-06,7.1803
volcano_start,1.0,0.0002872737719046251,6.602097601944847e-07,8.7653
want_people,1.0,0.0002872737719046251,2.1869448306442303e-05,3.7154
want_to,4.0,0.0011490950876185005,3.919995451154752e-05,4.8735
warm_in,1.0,0.0002872737719046251,4.456415881312772e-06,6.0104
warm_place,1.0,0.0002872737719046251,1.4854719604375905e-06,7.5954
wash_away,1.0,0.0002872737719046251,1.6505244004862117e-07,10.7653
water_and,1.0,0.0002872737719046251,1.7578084865178155e-05,4.0306
water_or,1.0,0.0002872737719046251,7.4273598021879514e-06,5.2734
we_can,1.0,0.0002872737719046251,2.393260380705007e-06,6.9073
weigh_something,1.0,0.0002872737719046251,3.9612585611669074e-05,2.8584
weigh_the,1.0,0.0002872737719046251,1.3369247643938313e-05,4.4254
weight_height,1.0,0.0002872737719046251,4.951573201458634e-07,9.1803
what_be,1.0,0.0002872737719046251,5.8346037557187585e-05,2.2997
what_chair,1.0,0.0002872737719046251,1.7330506205105222e-06,7.373
what_size,2.0,0.0005745475438092502,4.621468321361393e-06,6.9579
what_something,1.0,0.0002872737719046251,9.242936642722785e-05,1.636
what_to,1.0,0.0002872737719046251,5.4879936316166535e-05,2.3881
what_you,1.0,0.0002872737719046251,0.00014095478380152246,1.0272
when_a,3.0,0.0008618213157138753,0.0008729623554171573,-0.0185
when_bird,1.0,0.0002872737719046251,7.09725492209071e-06,5.339
when_butterfly,1.0,0.0002872737719046251,7.09725492209071e-06,5.339
when_it,3.0,0.0008618213157138753,0.0005393913740788939,0.6761
when_somebody,1.0,0.0002872737719046251,0.0003193764714940819,-0.1528
when_someone,2.0,0.0005745475438092502,0.000759406276663706,-0.4024
when_something,7.0,0.002010916403332376,0.0011355607875345136,0.8244
when_the,1.0,0.0002872737719046251,0.0003832517657928983,-0.4159
when_there,1.0,0.0002872737719046251,2.838901968836284e-05,3.339
when_they,5.0,0.0014363688595231256,0.00021291764766272127,2.7541
when_you,61.0,0.01752370008618213,0.001731730200990133,3.339
whenever_someone,2.0,0.0005745475438092502,9.713336096861355e-05,2.5644
whenever_something,3.0,0.0008618213157138753,0.00014524614724278662,2.5689
whenever_you,6.0,0.0017236426314277506,0.00022150037454524957,2.9601
where_he,1.0,0.0002872737719046251,1.1553670803403482e-06,7.9579
where_people,1.0,0.0002872737719046251,8.747779322576921e-06,5.0374
who_argue,1.0,0.0002872737719046251,5.941887841750362e-06,5.5954
who_be,2.0,0.0005745475438092502,0.0006001306720167866,-0.0629
who_can,1.0,0.0002872737719046251,0.0001723147474107605,0.7374
who_catch,1.0,0.0002872737719046251,5.941887841750362e-06,5.5954
who_create,2.0,0.0005745475438092502,5.941887841750362e-05,3.2734
who_defend,1.0,0.0002872737719046251,1.1883775683500724e-05,4.5954
who_discover,3.0,0.0008618213157138753,4.7535102734002896e-05,4.1803
who_do,6.0,0.0017236426314277506,0.0005407117935992829,1.6725
who_go,1.0,0.0002872737719046251,0.00016637285956901013,0.788
who_have,1.0,0.0002872737719046251,0.00010101209330975614,1.5079
who_help,2.0,0.0005745475438092502,9.507020546800579e-05,2.5954
who_invent,11.0,0.003160011490950876,0.00024955928935351516,3.6625
who_make,9.0,0.002585463947141626,0.00032680383129626985,2.9839
who_protect,2.0,0.0005745475438092502,3.565132705050217e-05,4.0104
who_save,22.0,0.006320022981901752,0.0004634672516565282,3.7694
who_say,1.0,0.0002872737719046251,2.3767551367001448e-05,3.5954
who_study,4.0,0.0011490950876185005,5.3476990575753254e-05,4.4254
who_test,1.0,0.0002872737719046251,1.1883775683500724e-05,4.5954
who_use,1.0,0.0002872737719046251,0.00012477964467675758,1.203
wild_resource,1.0,0.0002872737719046251,4.126311001215529e-07,9.4434
winter_or,1.0,0.0002872737719046251,9.903146402917269e-06,4.8584
with_a,1.0,0.0002872737719046251,3.0452175188970602e-05,3.2378
with_chemical,1.0,0.0002872737719046251,7.427359802187951e-07,8.5954
with_somebody,1.0,0.0002872737719046251,1.1141039703281928e-05,4.6885
without_any,1.0,0.0002872737719046251,8.252622002431058e-08,11.7653
woman_or,1.0,0.0002872737719046251,2.475786600729317e-06,6.8584
word_like,1.0,0.0002872737719046251,1.567998180461901e-05,4.1954
word_that,1.0,0.0002872737719046251,2.9049229448557325e-05,3.3059
work_a,1.0,0.0002872737719046251,6.0904350377941204e-05,2.2378
work_at,1.0,0.0002872737719046251,2.475786600729317e-06,6.8584
work_for,1.0,0.0002872737719046251,3.4661012410210444e-06,6.373
work_on,1.0,0.0002872737719046251,5.446730521604498e-06,5.7209
world_from,1.0,0.0002872737719046251,2.475786600729317e-06,6.8584
would_be,1.0,0.0002872737719046251,1.6670296444910738e-05,4.1071
would_do,1.0,0.0002872737719046251,1.5019772044424525e-05,4.2575
you_'d,1.0,0.0002872737719046251,2.013639768593178e-05,3.8345
you_'re,29.0,0.008330939385234128,0.0007047739190076123,3.5632
you_a,2.0,0.0005745475438092502,0.002476776915369609,-2.108
you_achieve,1.0,0.0002872737719046251,2.013639768593178e-05,3.8345
you_adapt,1.0,0.0002872737719046251,2.013639768593178e-05,3.8345
you_and,1.0,0.0002872737719046251,0.0014296842357011564,-2.3152
you_bad,1.0,0.0002872737719046251,0.0001006819884296589,1.5126
you_be,12.0,0.0034472852628555013,0.0020337761662791096,0.7613
you_build,1.0,0.0002872737719046251,4.027279537186356e-05,2.8345
you_ca,39.0,0.01120367710428038,0.000986683486610657,3.5052
you_can,18.0,0.005170927894283252,0.0005839555328920216,3.1465
you_check,2.0,0.0005745475438092502,0.0001006819884296589,2.5126
you_come,1.0,0.0002872737719046251,6.040919305779533e-05,2.2496
you_create,2.0,0.0005745475438092502,0.0002013639768593178,1.5126
you_defend,1.0,0.0002872737719046251,4.027279537186356e-05,2.8345
you_do,7.0,0.002010916403332376,0.0018324121894197918,0.1341
you_fall,1.0,0.0002872737719046251,4.027279537186356e-05,2.8345
you_feel,1.0,0.0002872737719046251,0.0001006819884296589,1.5126
you_force,1.0,0.0002872737719046251,2.013639768593178e-05,3.8345
you_from,1.0,0.0002872737719046251,0.0001006819884296589,1.5126
you_get,11.0,0.003160011490950876,0.00042286435140456735,2.9017
you_go,8.0,0.002298190175237001,0.0005638191352060898,2.0272
you_graduate,1.0,0.0002872737719046251,2.013639768593178e-05,3.8345
you_have,8.0,0.002298190175237001,0.00034231876066084024,2.7471
you_how,1.0,0.0002872737719046251,0.0008054559074372712,-1.4874
you_if,1.0,0.0002872737719046251,0.0005436827375201581,-0.9203
you_in,1.0,0.0002872737719046251,0.0005436827375201581,-0.9203
you_invent,7.0,0.002010916403332376,0.0008457287028091347,1.2496
you_know,2.0,0.0005745475438092502,0.00022150037454524957,1.3751
you_learn,2.0,0.0005745475438092502,0.0002013639768593178,1.5126
you_live,1.0,0.0002872737719046251,0.0001006819884296589,1.5126
you_look,1.0,0.0002872737719046251,8.054559074372712e-05,1.8345
you_make,5.0,0.0014363688595231256,0.0011075018727262477,0.3751
you_measure,7.0,0.002010916403332376,0.0005235463398342262,1.9415
you_need,4.0,0.0011490950876185005,0.00016109118148745425,2.8345
you_nervous,1.0,0.0002872737719046251,2.013639768593178e-05,3.8345
you_or,1.0,0.0002872737719046251,0.0006040919305779533,-1.0723
you_own,2.0,0.0005745475438092502,4.027279537186356e-05,3.8345
you_press,1.0,0.0002872737719046251,4.027279537186356e-05,2.8345
you_push,4.0,0.0011490950876185005,0.00014095478380152246,3.0272
you_put,2.0,0.0005745475438092502,6.040919305779533e-05,3.2496
you_read,1.0,0.0002872737719046251,6.040919305779533e-05,2.2496
you_represent,1.0,0.0002872737719046251,8.054559074372712e-05,1.8345
you_save,11.0,0.003160011490950876,0.0015706390195026787,1.0086
you_see,5.0,0.0014363688595231256,0.00034231876066084024,2.069
you_talk,1.0,0.0002872737719046251,2.013639768593178e-05,3.8345
you_they,1.0,0.0002872737719046251,0.0006040919305779533,-1.0723
you_think,1.0,0.0002872737719046251,6.040919305779533e-05,2.2496
you_tight,1.0,0.0002872737719046251,2.013639768593178e-05,3.8345
you_to,1.0,0.0002872737719046251,0.001912957780163519,-2.7353
you_try,1.0,0.0002872737719046251,0.0002013639768593178,0.5126
you_use,9.0,0.002585463947141626,0.00042286435140456735,2.6122
you_want,2.0,0.0005745475438092502,0.0001006819884296589,2.5126
you_what,1.0,0.0002872737719046251,0.00014095478380152246,1.0272
you_when,1.0,0.0002872737719046251,0.001731730200990133,-2.5917
you_whenever,1.0,0.0002872737719046251,0.00022150037454524957,0.3751
you_you,1.0,0.0002872737719046251,0.004913281035367353,-4.0962
your_family,1.0,0.0002872737719046251,1.6505244004862116e-06,7.4434
your_hero,1.0,0.0002872737719046251,1.6505244004862116e-06,7.4434
your_lawyer,1.0,0.0002872737719046251,5.776835401701741e-06,5.636
your_life,3.0,0.0008618213157138753,8.252622002431057e-06,6.7064
your_mom,1.0,0.0002872737719046251,1.6505244004862116e-06,7.4434
your_resource,1.0,0.0002872737719046251,4.1263110012155286e-06,6.1214
your_service,1.0,0.0002872737719046251,8.252622002431058e-07,8.4434
your_strategy,1.0,0.0002872737719046251,1.6505244004862116e-06,7.4434
